cycle,state,date,days_to_election,ballots_total,ballots_new,mail_requested,mail_returned,inperson,party_dem,party_rep,party_oth,party_npa,restated,source_tier,source_name,retrieved_at
2022,FL,2022-10-06,33,27187,,3859346,27187,,11948,9407,527,5305,0,1,fl-doe,2026-09-06T18:41:42+00:00
2022,FL,2022-10-07,32,47199,,4183113,47199,,20049,17504,875,8771,0,1,fl-doe,2026-09-06T18:41:42+00:00
2022,FL,2022-10-10,29,94668,,4181911,94668,,39718,35589,1610,17751,0,1,fl-doe,2026-09-06T18:41:42+00:00
2022,FL,2022-10-21,18,1043953,,4235818,1043953,,438552,400287,15204,189910,0,1,fl-doe,2026-09-06T18:41:42+00:00
2022,FL,2022-10-23,16,1161170,,4238736,1161170,,489685,444167,16747,210571,0,1,fl-doe,2026-09-06T18:41:42+00:00
2022,FL,2022-10-24,15,1164753,,4245232,1164753,,491708,444954,16790,211301,0,1,fl-doe,2026-09-06T18:41:42+00:00
2022,FL,2022-10-25,14,1401072,,4252589,1292689,108383,580518,549812,19959,250783,0,1,fl-doe,2026-09-06T18:41:42+00:00
2022,FL,2022-10-27,12,1940005,,4279042,1579141,360864,786425,784653,26882,342045,0,1,fl-doe,2026-09-06T18:41:42+00:00
2022,FL,2022-10-28,11,2193938,,4294515,1694967,498971,875942,902455,30226,385315,0,1,fl-doe,2026-09-06T18:41:42+00:00
2022,FL,2022-10-31,8,2774204,,4320917,1907420,866784,1077263,1173014,37889,486038,0,1,fl-doe,2026-09-06T18:41:42+00:00
2022,FL,2022-11-01,7,3025793,,4324364,1993982,1031811,1157952,1295316,41290,531235,0,1,fl-doe,2026-09-06T18:41:42+00:00
2022,FL,2022-11-02,6,3304040,,4326396,2103580,1200460,1249122,1426017,45238,583663,0,1,fl-doe,2026-09-06T18:41:42+00:00
2022,FL,2022-11-03,5,3581580,,4326959,2202258,1379322,1339957,1556259,49279,636085,0,1,fl-doe,2026-09-06T18:41:42+00:00
2022,FL,2022-11-04,4,3887262,,4328060,2313133,1574129,1440584,1696281,53850,696547,0,1,fl-doe,2026-09-06T18:41:42+00:00
2022,FL,2022-11-05,3,4242093,,4330981,2409051,1833042,1554429,1860724,59305,767635,0,1,fl-doe,2026-09-06T18:41:42+00:00
2022,FL,2022-11-06,2,4558818,,4331428,2481622,2077196,1662191,1999376,64148,833103,0,1,fl-doe,2026-09-06T18:41:42+00:00
2022,FL,2022-11-07,1,4789974,,4331571,2526602,2263372,1758413,2078430,67762,885369,0,1,fl-doe,2026-09-06T18:41:42+00:00
2022,FL,2022-11-14,-6,5057847,,4331373,2772382,2285465,1869757,2168349,72412,947329,0,1,fl-doe,2026-09-06T18:41:42+00:00
2022,FL,2022-11-16,-8,5058834,,4326014,2773369,2285465,1870190,2168640,72433,947571,0,1,fl-doe,2026-09-06T18:41:42+00:00
2022,FL,2022-11-17,-9,5059005,,4323451,2773540,2285465,1870287,2168666,72435,947617,0,1,fl-doe,2026-09-06T18:41:42+00:00
2022,FL,2022-11-18,-10,5059210,,4321176,2773745,2285465,1870382,2168717,72439,947672,0,1,fl-doe,2026-09-06T18:41:42+00:00
2022,FL,2022-11-19,-11,5059383,,4319066,2773918,2285465,1870468,2168749,72441,947725,0,1,fl-doe,2026-09-06T18:41:42+00:00
2022,FL,2022-11-22,-14,5059411,,4318772,2773946,2285465,1870486,2168756,72441,947728,0,1,fl-doe,2026-09-06T18:41:42+00:00
2022,FL,2022-11-23,-15,5059413,,4318584,2773948,2285465,1870486,2168758,72441,947728,0,1,fl-doe,2026-09-06T18:41:42+00:00
2022,KY,2022-11-04,4,337975,,83873,71745,266230,163397,155102,,,0,1,ky-sbe,2026-09-06T15:38:00+00:00
2022,MD,2022-10-27,12,43724,43724,,,43724,24646,14385,373,4320,0,1,md-sbe,2026-09-06T15:37:52+00:00
2022,MD,2022-10-28,11,89082,45358,,,89082,49861,28952,767,9502,0,1,md-sbe,2026-09-06T15:37:52+00:00
2022,MD,2022-10-29,10,115595,26513,,,115595,65160,36499,1007,12929,0,1,md-sbe,2026-09-06T15:37:52+00:00
2022,MD,2022-10-30,9,141349,25754,,,141349,79719,44098,1231,16301,0,1,md-sbe,2026-09-06T15:37:52+00:00
2022,MD,2022-10-31,8,185121,43772,,,185121,104724,57556,1628,21213,0,1,md-sbe,2026-09-06T15:37:52+00:00
2022,MD,2022-11-01,7,234859,49738,,,234859,133231,72485,2098,27045,0,1,md-sbe,2026-09-06T15:37:52+00:00
2022,MD,2022-11-02,6,293917,59058,,,293917,167413,89484,2575,34445,0,1,md-sbe,2026-09-06T15:37:52+00:00
2022,MD,2022-11-03,5,381972,88055,,,381972,220469,112083,3379,46041,0,1,md-sbe,2026-09-06T15:37:52+00:00
2022,ME,2022-07-11,120,2,0,518,0,2,0,2,0,0,0,1,me-sos,2026-09-06T15:37:41+00:00
2022,ME,2022-07-12,119,2,0,522,0,2,0,2,0,0,0,1,me-sos,2026-09-06T15:37:41+00:00
2022,ME,2022-07-13,118,2,0,524,0,2,0,2,0,0,0,1,me-sos,2026-09-06T15:37:41+00:00
2022,ME,2022-07-14,117,2,0,525,0,2,0,2,0,0,0,1,me-sos,2026-09-06T15:37:41+00:00
2022,ME,2022-07-15,116,2,0,528,0,2,0,2,0,0,0,1,me-sos,2026-09-06T15:37:41+00:00
2022,ME,2022-07-16,115,2,0,528,0,2,0,2,0,0,0,1,me-sos,2026-09-06T15:37:41+00:00
2022,ME,2022-07-17,114,2,0,529,0,2,0,2,0,0,0,1,me-sos,2026-09-06T15:37:41+00:00
2022,ME,2022-07-18,113,2,0,533,0,2,0,2,0,0,0,1,me-sos,2026-09-06T15:37:41+00:00
2022,ME,2022-07-19,112,2,0,533,0,2,0,2,0,0,0,1,me-sos,2026-09-06T15:37:41+00:00
2022,ME,2022-07-20,111,2,0,533,0,2,0,2,0,0,0,1,me-sos,2026-09-06T15:37:41+00:00
2022,ME,2022-07-21,110,2,0,536,0,2,0,2,0,0,0,1,me-sos,2026-09-06T15:37:41+00:00
2022,ME,2022-07-22,109,2,0,536,0,2,0,2,0,0,0,1,me-sos,2026-09-06T15:37:41+00:00
2022,ME,2022-07-23,108,2,0,536,0,2,0,2,0,0,0,1,me-sos,2026-09-06T15:37:41+00:00
2022,ME,2022-07-24,107,2,0,536,0,2,0,2,0,0,0,1,me-sos,2026-09-06T15:37:41+00:00
2022,ME,2022-07-25,106,2,0,537,0,2,0,2,0,0,0,1,me-sos,2026-09-06T15:37:41+00:00
2022,ME,2022-07-26,105,2,0,537,0,2,0,2,0,0,0,1,me-sos,2026-09-06T15:37:41+00:00
2022,ME,2022-07-27,104,2,0,538,0,2,0,2,0,0,0,1,me-sos,2026-09-06T15:37:41+00:00
2022,ME,2022-07-28,103,2,0,539,0,2,0,2,0,0,0,1,me-sos,2026-09-06T15:37:41+00:00
2022,ME,2022-07-29,102,2,0,544,0,2,0,2,0,0,0,1,me-sos,2026-09-06T15:37:41+00:00
2022,ME,2022-07-30,101,2,0,545,0,2,0,2,0,0,0,1,me-sos,2026-09-06T15:37:41+00:00
2022,ME,2022-07-31,100,2,0,545,0,2,0,2,0,0,0,1,me-sos,2026-09-06T15:37:41+00:00
2022,ME,2022-08-01,99,2,0,549,0,2,0,2,0,0,0,1,me-sos,2026-09-06T15:37:41+00:00
2022,ME,2022-08-02,98,2,0,549,0,2,0,2,0,0,0,1,me-sos,2026-09-06T15:37:41+00:00
2022,ME,2022-08-03,97,2,0,556,0,2,0,2,0,0,0,1,me-sos,2026-09-06T15:37:41+00:00
2022,ME,2022-08-04,96,2,0,559,0,2,0,2,0,0,0,1,me-sos,2026-09-06T15:37:41+00:00
2022,ME,2022-08-05,95,2,0,566,0,2,0,2,0,0,0,1,me-sos,2026-09-06T15:37:41+00:00
2022,ME,2022-08-06,94,2,0,566,0,2,0,2,0,0,0,1,me-sos,2026-09-06T15:37:41+00:00
2022,ME,2022-08-07,93,2,0,566,0,2,0,2,0,0,0,1,me-sos,2026-09-06T15:37:41+00:00
2022,ME,2022-08-08,92,2,0,1363,0,2,0,2,0,0,0,1,me-sos,2026-09-06T15:37:41+00:00
2022,ME,2022-08-09,91,3,1,3187,0,3,1,2,0,0,0,1,me-sos,2026-09-06T15:37:41+00:00
2022,ME,2022-08-10,90,3,0,4313,0,3,1,2,0,0,0,1,me-sos,2026-09-06T15:37:41+00:00
2022,ME,2022-08-11,89,4,1,4910,0,4,2,2,0,0,0,1,me-sos,2026-09-06T15:37:41+00:00
2022,ME,2022-08-12,88,4,0,5306,0,4,2,2,0,0,0,1,me-sos,2026-09-06T15:37:41+00:00
2022,ME,2022-08-13,87,4,0,5419,0,4,2,2,0,0,0,1,me-sos,2026-09-06T15:37:41+00:00
2022,ME,2022-08-14,86,4,0,5514,0,4,2,2,0,0,0,1,me-sos,2026-09-06T15:37:41+00:00
2022,ME,2022-08-15,85,4,0,6163,0,4,2,2,0,0,0,1,me-sos,2026-09-06T15:37:41+00:00
2022,ME,2022-08-16,84,4,0,6762,0,4,2,2,0,0,0,1,me-sos,2026-09-06T15:37:41+00:00
2022,ME,2022-08-17,83,5,1,7173,0,5,3,2,0,0,0,1,me-sos,2026-09-06T15:37:41+00:00
2022,ME,2022-08-18,82,5,0,7588,0,5,3,2,0,0,0,1,me-sos,2026-09-06T15:37:41+00:00
2022,ME,2022-08-19,81,5,0,7857,0,5,3,2,0,0,0,1,me-sos,2026-09-06T15:37:41+00:00
2022,ME,2022-08-20,80,5,0,7981,0,5,3,2,0,0,0,1,me-sos,2026-09-06T15:37:41+00:00
2022,ME,2022-08-21,79,5,0,8072,0,5,3,2,0,0,0,1,me-sos,2026-09-06T15:37:41+00:00
2022,ME,2022-08-22,78,5,0,8557,0,5,3,2,0,0,0,1,me-sos,2026-09-06T15:37:41+00:00
2022,ME,2022-08-23,77,5,0,9014,0,5,3,2,0,0,0,1,me-sos,2026-09-06T15:37:41+00:00
2022,ME,2022-08-24,76,5,0,9373,0,5,3,2,0,0,0,1,me-sos,2026-09-06T15:37:41+00:00
2022,ME,2022-08-25,75,5,0,9765,0,5,3,2,0,0,0,1,me-sos,2026-09-06T15:37:41+00:00
2022,ME,2022-08-26,74,5,0,10104,0,5,3,2,0,0,0,1,me-sos,2026-09-06T15:37:41+00:00
2022,ME,2022-08-27,73,5,0,10277,0,5,3,2,0,0,0,1,me-sos,2026-09-06T15:37:41+00:00
2022,ME,2022-08-28,72,5,0,10398,0,5,3,2,0,0,0,1,me-sos,2026-09-06T15:37:41+00:00
2022,ME,2022-08-29,71,5,0,11134,0,5,3,2,0,0,0,1,me-sos,2026-09-06T15:37:41+00:00
2022,ME,2022-08-30,70,5,0,11624,0,5,3,2,0,0,0,1,me-sos,2026-09-06T15:37:41+00:00
2022,ME,2022-08-31,69,5,0,12327,0,5,3,2,0,0,0,1,me-sos,2026-09-06T15:37:41+00:00
2022,ME,2022-09-01,68,5,0,13188,0,5,3,2,0,0,0,1,me-sos,2026-09-06T15:37:41+00:00
2022,ME,2022-09-02,67,5,0,13800,0,5,3,2,0,0,0,1,me-sos,2026-09-06T15:37:41+00:00
2022,ME,2022-09-03,66,5,0,13977,0,5,3,2,0,0,0,1,me-sos,2026-09-06T15:37:41+00:00
2022,ME,2022-09-04,65,5,0,14162,0,5,3,2,0,0,0,1,me-sos,2026-09-06T15:37:41+00:00
2022,ME,2022-09-05,64,5,0,14959,0,5,3,2,0,0,0,1,me-sos,2026-09-06T15:37:41+00:00
2022,ME,2022-09-06,63,7,2,18058,2,5,3,2,0,2,0,1,me-sos,2026-09-06T15:37:41+00:00
2022,ME,2022-09-07,62,9,2,19373,4,5,5,2,0,2,0,1,me-sos,2026-09-06T15:37:41+00:00
2022,ME,2022-09-08,61,10,1,21004,4,6,5,2,0,3,0,1,me-sos,2026-09-06T15:37:41+00:00
2022,ME,2022-09-09,60,10,0,22472,4,6,5,2,0,3,0,1,me-sos,2026-09-06T15:37:41+00:00
2022,ME,2022-09-10,59,10,0,22775,4,6,5,2,0,3,0,1,me-sos,2026-09-06T15:37:41+00:00
2022,ME,2022-09-11,58,10,0,23068,4,6,5,2,0,3,0,1,me-sos,2026-09-06T15:37:41+00:00
2022,ME,2022-09-12,57,11,1,26093,4,7,6,2,0,3,0,1,me-sos,2026-09-06T15:37:41+00:00
2022,ME,2022-09-13,56,12,1,27644,4,8,6,2,0,4,0,1,me-sos,2026-09-06T15:37:41+00:00
2022,ME,2022-09-14,55,13,1,30453,4,9,7,2,0,4,0,1,me-sos,2026-09-06T15:37:41+00:00
2022,ME,2022-09-15,54,14,1,32809,4,10,7,2,0,5,0,1,me-sos,2026-09-06T15:37:41+00:00
2022,ME,2022-09-16,53,17,3,34276,4,13,8,4,0,5,0,1,me-sos,2026-09-06T15:37:41+00:00
2022,ME,2022-09-17,52,17,0,34548,4,13,8,4,0,5,0,1,me-sos,2026-09-06T15:37:41+00:00
2022,ME,2022-09-18,51,17,0,34893,4,13,8,4,0,5,0,1,me-sos,2026-09-06T15:37:41+00:00
2022,ME,2022-09-19,50,17,0,38028,4,13,8,4,0,5,0,1,me-sos,2026-09-06T15:37:41+00:00
2022,ME,2022-09-20,49,20,3,40528,5,15,11,4,0,5,0,1,me-sos,2026-09-06T15:37:41+00:00
2022,ME,2022-09-21,48,20,0,42815,5,15,11,4,0,5,0,1,me-sos,2026-09-06T15:37:41+00:00
2022,ME,2022-09-22,47,77,57,44787,62,15,53,11,0,13,0,1,me-sos,2026-09-06T15:37:41+00:00
2022,ME,2022-09-23,46,132,55,46408,117,15,96,13,1,22,0,1,me-sos,2026-09-06T15:37:41+00:00
2022,ME,2022-09-24,45,172,40,46884,157,15,129,15,1,27,0,1,me-sos,2026-09-06T15:37:41+00:00
2022,ME,2022-09-25,44,192,20,47311,177,15,147,15,1,29,0,1,me-sos,2026-09-06T15:37:41+00:00
2022,ME,2022-09-26,43,225,33,50330,208,17,174,17,1,33,0,1,me-sos,2026-09-06T15:37:41+00:00
2022,ME,2022-09-27,42,245,20,52129,225,20,190,17,1,37,0,1,me-sos,2026-09-06T15:37:41+00:00
2022,ME,2022-09-28,41,271,26,53949,241,30,208,20,1,42,0,1,me-sos,2026-09-06T15:37:41+00:00
2022,ME,2022-09-29,40,295,24,55852,259,36,226,22,1,46,0,1,me-sos,2026-09-06T15:37:41+00:00
2022,ME,2022-09-30,39,330,35,57426,283,47,251,27,1,51,0,1,me-sos,2026-09-06T15:37:41+00:00
2022,ME,2022-10-01,38,341,11,57930,294,47,261,27,1,52,0,1,me-sos,2026-09-06T15:37:41+00:00
2022,ME,2022-10-02,37,360,19,58394,313,47,276,28,1,55,0,1,me-sos,2026-09-06T15:37:41+00:00
2022,ME,2022-10-03,36,718,358,61626,620,98,514,80,10,114,0,1,me-sos,2026-09-06T15:37:41+00:00
2022,ME,2022-10-04,35,1043,325,64464,810,233,713,145,16,169,0,1,me-sos,2026-09-06T15:37:41+00:00
2022,ME,2022-10-05,34,1758,715,67910,1306,452,1133,298,34,293,0,1,me-sos,2026-09-06T15:37:41+00:00
2022,ME,2022-10-06,33,2709,951,71806,1892,817,1659,508,56,486,0,1,me-sos,2026-09-06T15:37:41+00:00
2022,ME,2022-10-07,32,3782,1073,75049,2573,1209,2253,743,88,698,0,1,me-sos,2026-09-06T15:37:41+00:00
2022,ME,2022-10-08,31,3875,93,75882,2653,1222,2313,759,88,715,0,1,me-sos,2026-09-06T15:37:41+00:00
2022,ME,2022-10-09,30,4049,174,76844,2826,1223,2419,789,88,753,0,1,me-sos,2026-09-06T15:37:41+00:00
2022,ME,2022-10-10,29,4377,328,78638,3135,1242,2630,849,93,805,0,1,me-sos,2026-09-06T15:37:41+00:00
2022,ME,2022-10-11,28,11085,6708,91894,7768,3317,6468,2255,246,2116,0,1,me-sos,2026-09-06T15:37:41+00:00
2022,ME,2022-10-12,27,16298,5213,102254,10732,5566,9402,3378,348,3170,0,1,me-sos,2026-09-06T15:37:41+00:00
2022,ME,2022-10-13,26,24366,8068,111978,16679,7687,13882,5077,552,4855,0,1,me-sos,2026-09-06T15:37:41+00:00
2022,ME,2022-10-14,25,28944,4578,118637,19994,8950,16333,6112,672,5827,0,1,me-sos,2026-09-06T15:37:41+00:00
2022,ME,2022-10-15,24,29408,464,119525,20428,8980,16590,6230,682,5906,0,1,me-sos,2026-09-06T15:37:41+00:00
2022,ME,2022-10-16,23,29771,363,120569,20791,8980,16806,6294,691,5980,0,1,me-sos,2026-09-06T15:37:41+00:00
2022,ME,2022-10-17,22,42153,12382,130800,30269,11884,23732,8743,1030,8648,0,1,me-sos,2026-09-06T15:37:41+00:00
2022,ME,2022-10-18,21,50483,8330,139293,36093,14390,28244,10511,1216,10512,0,1,me-sos,2026-09-06T15:37:41+00:00
2022,ME,2022-10-19,20,61093,10610,147615,43929,17164,33925,12869,1510,12789,0,1,me-sos,2026-09-06T15:37:41+00:00
2022,ME,2022-10-20,19,70045,8952,155195,50246,19799,38501,14997,1790,14757,0,1,me-sos,2026-09-06T15:37:41+00:00
2022,ME,2022-10-21,18,77764,7719,161587,55664,22100,42346,16879,2027,16512,0,1,me-sos,2026-09-06T15:37:41+00:00
2022,ME,2022-10-22,17,78382,618,162293,56187,22195,42660,17004,2039,16679,0,1,me-sos,2026-09-06T15:37:41+00:00
2022,ME,2022-10-23,16,78656,274,162867,56461,22195,42808,17044,2048,16756,0,1,me-sos,2026-09-06T15:37:41+00:00
2022,ME,2022-10-24,15,92668,14012,172582,67213,25455,49926,20273,2467,20002,0,1,me-sos,2026-09-06T15:37:41+00:00
2022,ME,2022-10-25,14,103978,11310,181799,74842,29136,55420,23216,2758,22584,0,1,me-sos,2026-09-06T15:37:41+00:00
2022,ME,2022-10-26,13,113368,9390,189516,81199,32169,60020,25540,3025,24783,0,1,me-sos,2026-09-06T15:37:41+00:00
2022,ME,2022-10-27,12,124430,11062,198152,88557,35873,65477,28235,3333,27385,0,1,me-sos,2026-09-06T15:37:41+00:00
2022,ME,2022-10-28,11,133699,9269,204992,94580,39119,69900,30616,3604,29579,0,1,me-sos,2026-09-06T15:37:41+00:00
2022,ME,2022-10-29,10,134773,1074,205656,95413,39360,70483,30824,3636,29830,0,1,me-sos,2026-09-06T15:37:41+00:00
2022,ME,2022-10-30,9,135625,852,206071,96220,39405,70901,31010,3666,30048,0,1,me-sos,2026-09-06T15:37:41+00:00
2022,ME,2022-10-31,8,153218,17593,216543,108170,45048,79262,35358,4226,34372,0,1,me-sos,2026-09-06T15:37:41+00:00
2022,ME,2022-11-01,7,167726,14508,226678,116718,51008,85797,39283,4714,37932,0,1,me-sos,2026-09-06T15:37:41+00:00
2022,ME,2022-11-02,6,182881,15155,237328,125136,57745,92643,43419,5166,41653,0,1,me-sos,2026-09-06T15:37:41+00:00
2022,ME,2022-11-03,5,201354,18473,250155,134535,66819,100747,48644,5732,46231,0,1,me-sos,2026-09-06T15:37:41+00:00
2022,ME,2022-11-04,4,209187,7833,251144,141687,67500,104060,50790,6001,48336,0,1,me-sos,2026-09-06T15:37:41+00:00
2022,ME,2022-11-05,3,210830,1643,251197,143298,67532,104875,51142,6055,48758,0,1,me-sos,2026-09-06T15:37:41+00:00
2022,ME,2022-11-06,2,212081,1251,251237,144543,67538,105464,51411,6104,49102,0,1,me-sos,2026-09-06T15:37:41+00:00
2022,ME,2022-11-07,1,229431,17350,252519,161053,68378,113281,55577,6768,53805,0,1,me-sos,2026-09-06T15:37:41+00:00
2022,ME,2022-11-08,0,236972,7541,252702,168558,68414,117049,57024,7081,55818,0,1,me-sos,2026-09-06T15:37:41+00:00
2022,NC,2022-09-09,60,17,17,,17,0,9,1,0,7,0,1,nc-sbe,2026-09-06T15:46:38+00:00
2022,NC,2022-09-10,59,62,45,,62,0,40,3,0,19,0,1,nc-sbe,2026-09-06T15:46:38+00:00
2022,NC,2022-09-11,58,73,11,,73,0,47,5,0,21,0,1,nc-sbe,2026-09-06T15:46:38+00:00
2022,NC,2022-09-12,57,194,121,,194,0,123,15,1,55,0,1,nc-sbe,2026-09-06T15:46:38+00:00
2022,NC,2022-09-13,56,305,111,,305,0,184,33,1,87,0,1,nc-sbe,2026-09-06T15:46:38+00:00
2022,NC,2022-09-14,55,589,284,,589,0,341,70,3,175,0,1,nc-sbe,2026-09-06T15:46:38+00:00
2022,NC,2022-09-15,54,983,394,,983,0,572,124,4,283,0,1,nc-sbe,2026-09-06T15:46:38+00:00
2022,NC,2022-09-16,53,1620,637,,1620,0,935,213,5,467,0,1,nc-sbe,2026-09-06T15:46:38+00:00
2022,NC,2022-09-17,52,1644,24,,1644,0,950,216,5,473,0,1,nc-sbe,2026-09-06T15:46:38+00:00
2022,NC,2022-09-18,51,1648,4,,1648,0,953,216,5,474,0,1,nc-sbe,2026-09-06T15:46:38+00:00
2022,NC,2022-09-19,50,3099,1451,,3099,0,1696,434,9,960,0,1,nc-sbe,2026-09-06T15:46:38+00:00
2022,NC,2022-09-20,49,3497,398,,3497,0,1915,491,10,1081,0,1,nc-sbe,2026-09-06T15:46:38+00:00
2022,NC,2022-09-21,48,4721,1224,,4721,0,2571,685,16,1449,0,1,nc-sbe,2026-09-06T15:46:38+00:00
2022,NC,2022-09-22,47,5799,1078,,5799,0,3140,844,20,1795,0,1,nc-sbe,2026-09-06T15:46:38+00:00
2022,NC,2022-09-23,46,6896,1097,,6896,0,3743,1020,21,2112,0,1,nc-sbe,2026-09-06T15:46:38+00:00
2022,NC,2022-09-24,45,6938,42,,6938,0,3764,1025,21,2128,0,1,nc-sbe,2026-09-06T15:46:38+00:00
2022,NC,2022-09-25,44,6944,6,,6944,0,3765,1025,21,2133,0,1,nc-sbe,2026-09-06T15:46:38+00:00
2022,NC,2022-09-26,43,9079,2135,,9079,0,4880,1399,23,2777,0,1,nc-sbe,2026-09-06T15:46:38+00:00
2022,NC,2022-09-27,42,9698,619,,9698,0,5186,1501,24,2987,0,1,nc-sbe,2026-09-06T15:46:38+00:00
2022,NC,2022-09-28,41,11669,1971,,11669,0,6224,1804,29,3612,0,1,nc-sbe,2026-09-06T15:46:38+00:00
2022,NC,2022-09-29,40,12843,1174,,12843,0,6802,2005,30,4006,0,1,nc-sbe,2026-09-06T15:46:38+00:00
2022,NC,2022-09-30,39,13918,1075,,13918,0,7329,2183,35,4371,0,1,nc-sbe,2026-09-06T15:46:38+00:00
2022,NC,2022-10-01,38,13996,78,,13996,0,7372,2203,35,4386,0,1,nc-sbe,2026-09-06T15:46:38+00:00
2022,NC,2022-10-02,37,14003,7,,14003,0,7377,2204,35,4387,0,1,nc-sbe,2026-09-06T15:46:38+00:00
2022,NC,2022-10-03,36,16149,2146,,16149,0,8430,2587,38,5094,0,1,nc-sbe,2026-09-06T15:46:38+00:00
2022,NC,2022-10-04,35,17064,915,,17064,0,8898,2722,41,5403,0,1,nc-sbe,2026-09-06T15:46:38+00:00
2022,NC,2022-10-05,34,19277,2213,,19277,0,9996,3085,43,6153,0,1,nc-sbe,2026-09-06T15:46:38+00:00
2022,NC,2022-10-06,33,20996,1719,,20996,0,10831,3361,45,6759,0,1,nc-sbe,2026-09-06T15:46:38+00:00
2022,NC,2022-10-07,32,22818,1822,,22818,0,11730,3666,52,7370,0,1,nc-sbe,2026-09-06T15:46:38+00:00
2022,NC,2022-10-08,31,23267,449,,23267,0,11939,3714,53,7561,0,1,nc-sbe,2026-09-06T15:46:38+00:00
2022,NC,2022-10-09,30,23278,11,,23278,0,11946,3715,53,7564,0,1,nc-sbe,2026-09-06T15:46:38+00:00
2022,NC,2022-10-10,29,24502,1224,,24502,0,12575,3924,56,7947,0,1,nc-sbe,2026-09-06T15:46:38+00:00
2022,NC,2022-10-11,28,27250,2748,,27250,0,13856,4449,59,8886,0,1,nc-sbe,2026-09-06T15:46:38+00:00
2022,NC,2022-10-12,27,28685,1435,,28685,0,14569,4662,64,9390,0,1,nc-sbe,2026-09-06T15:46:38+00:00
2022,NC,2022-10-13,26,32340,3655,,32340,0,16237,5319,67,10717,0,1,nc-sbe,2026-09-06T15:46:38+00:00
2022,NC,2022-10-14,25,35958,3618,,35958,0,18031,5885,72,11970,0,1,nc-sbe,2026-09-06T15:46:38+00:00
2022,NC,2022-10-15,24,36747,789,,36747,0,18387,6023,72,12265,0,1,nc-sbe,2026-09-06T15:46:38+00:00
2022,NC,2022-10-16,23,36763,16,,36763,0,18393,6027,72,12271,0,1,nc-sbe,2026-09-06T15:46:38+00:00
2022,NC,2022-10-17,22,41672,4909,,41672,0,20695,6932,80,13965,0,1,nc-sbe,2026-09-06T15:46:38+00:00
2022,NC,2022-10-18,21,43638,1966,,43638,0,21613,7294,82,14649,0,1,nc-sbe,2026-09-06T15:46:38+00:00
2022,NC,2022-10-19,20,47513,3875,,47513,0,23406,8001,87,16019,0,1,nc-sbe,2026-09-06T15:46:38+00:00
2022,NC,2022-10-20,19,189375,141862,,51988,137387,79117,54195,350,55713,0,1,nc-sbe,2026-09-06T15:46:38+00:00
2022,NC,2022-10-21,18,326248,136873,,56355,269893,131674,98173,594,95807,0,1,nc-sbe,2026-09-06T15:46:38+00:00
2022,NC,2022-10-22,17,362643,36395,,57723,304920,147214,107654,690,107085,0,1,nc-sbe,2026-09-06T15:46:38+00:00
2022,NC,2022-10-23,16,383029,20386,,57837,325192,157105,111931,725,113268,0,1,nc-sbe,2026-09-06T15:46:38+00:00
2022,NC,2022-10-24,15,532240,149211,,65559,466681,214782,160420,1018,156020,0,1,nc-sbe,2026-09-06T15:46:38+00:00
2022,NC,2022-10-25,14,668913,136673,,69105,599808,266420,205606,1306,195581,0,1,nc-sbe,2026-09-06T15:46:38+00:00
2022,NC,2022-10-26,13,798778,129865,,74356,724422,315763,248210,1607,233198,0,1,nc-sbe,2026-09-06T15:46:38+00:00
2022,NC,2022-10-27,12,927708,128930,,82781,844927,365632,288996,1897,271183,0,1,nc-sbe,2026-09-06T15:46:38+00:00
2022,NC,2022-10-28,11,1067593,139885,,88977,978616,417501,334447,2285,313360,0,1,nc-sbe,2026-09-06T15:46:38+00:00
2022,NC,2022-10-29,10,1130865,63272,,91642,1039223,443151,352098,2488,333128,0,1,nc-sbe,2026-09-06T15:46:38+00:00
2022,NC,2022-10-30,9,1163784,32919,,91796,1071988,457918,359596,2584,343686,0,1,nc-sbe,2026-09-06T15:46:38+00:00
2022,NC,2022-10-31,8,1298679,134895,,100704,1197975,507965,403934,2937,383843,0,1,nc-sbe,2026-09-06T15:46:38+00:00
2022,NC,2022-11-01,7,1440100,141421,,106916,1333184,559046,451450,3350,426254,0,1,nc-sbe,2026-09-06T15:46:38+00:00
2022,NC,2022-11-02,6,1585988,145888,,113941,1472047,612244,499183,3795,470766,0,1,nc-sbe,2026-09-06T15:46:38+00:00
2022,NC,2022-11-03,5,1753484,167496,,124292,1629192,673248,553184,4364,522688,0,1,nc-sbe,2026-09-06T15:46:38+00:00
2022,NC,2022-11-04,4,1975607,222123,,133736,1841871,753186,623731,5162,593528,0,1,nc-sbe,2026-09-06T15:46:38+00:00
2022,NC,2022-11-05,3,2152378,176771,,141488,2010890,821367,674116,5904,650991,0,1,nc-sbe,2026-09-06T15:46:38+00:00
2022,NC,2022-11-06,2,2155459,3081,,144569,2010890,822554,674567,5918,652420,0,1,nc-sbe,2026-09-06T15:46:38+00:00
2022,NC,2022-11-07,1,2170133,14674,,159243,2010890,828798,677568,5984,657783,0,1,nc-sbe,2026-09-06T15:46:38+00:00
2022,NC,2022-11-08,0,2187856,17723,,176966,2010890,836069,680624,6078,665085,0,1,nc-sbe,2026-09-06T15:46:38+00:00
2022,OH,2022-11-08,0,1473983,,1002020,923879,550104,,,,,0,1,oh-sos,2026-09-06T15:38:21+00:00
2022,SC,2022-10-07,32,480,,16866,480,,,,,,0,1,sc-sec,2026-09-06T15:38:14+00:00
2022,SC,2022-10-10,29,540,,20783,540,,,,,,0,1,sc-sec,2026-09-06T15:38:14+00:00
2022,SC,2022-10-14,25,696,,25197,696,,,,,,0,1,sc-sec,2026-09-06T15:38:14+00:00
2022,SC,2022-10-17,22,4661,,40462,4661,,,,,,0,1,sc-sec,2026-09-06T15:38:14+00:00
2022,SC,2022-10-18,21,8501,,43210,8501,,,,,,0,1,sc-sec,2026-09-06T15:38:14+00:00
2022,SC,2022-10-19,20,11011,,45698,11011,,,,,,0,1,sc-sec,2026-09-06T15:38:14+00:00
2022,SC,2022-10-20,19,14612,,47653,14612,,,,,,0,1,sc-sec,2026-09-06T15:38:14+00:00
2022,SC,2022-10-21,18,16975,,49542,16975,,,,,,0,1,sc-sec,2026-09-06T15:38:14+00:00
2022,SC,2022-10-25,14,,,54582,25098,,,,,,0,1,sc-sec,2026-09-06T15:38:14+00:00
2022,SC,2022-10-26,13,,,56221,28105,,,,,,0,1,sc-sec,2026-09-06T15:38:14+00:00
2022,SC,2022-10-27,12,,,59093,32083,,,,,,0,1,sc-sec,2026-09-06T15:38:14+00:00
2022,SC,2022-10-28,11,,,60105,34884,,,,,,0,1,sc-sec,2026-09-06T15:38:14+00:00
2022,SC,2022-10-31,8,,,62751,38895,,,,,,0,1,sc-sec,2026-09-06T15:38:14+00:00
2022,SC,2022-11-01,7,,,63101,42378,,,,,,0,1,sc-sec,2026-09-06T15:38:14+00:00
2022,SC,2022-11-02,6,,,63147,45746,,,,,,0,1,sc-sec,2026-09-06T15:38:14+00:00
2022,SC,2022-11-03,5,,,63178,48986,,,,,,0,1,sc-sec,2026-09-06T15:38:14+00:00
2022,SC,2022-11-04,4,,,63205,51507,,,,,,0,1,sc-sec,2026-09-06T15:38:14+00:00
2022,SC,2022-11-07,1,,,63276,54911,,,,,,0,1,sc-sec,2026-09-06T15:38:14+00:00
2022,SC,2022-11-08,0,,,63334,56647,,,,,,0,1,sc-sec,2026-09-06T15:38:14+00:00
2022,TN,2022-10-19,20,59178,59178,,,,,,,,0,1,tn-sos,2026-09-06T15:38:36+00:00
2022,TN,2022-10-20,19,106718,47540,,,,,,,,0,1,tn-sos,2026-09-06T15:38:36+00:00
2022,TN,2022-10-21,18,157447,50729,,,,,,,,0,1,tn-sos,2026-09-06T15:38:36+00:00
2022,TN,2022-10-22,17,177677,20230,,,,,,,,0,1,tn-sos,2026-09-06T15:38:36+00:00
2022,TN,2022-10-24,15,234800,57123,,,,,,,,0,1,tn-sos,2026-09-06T15:38:36+00:00
2022,TN,2022-10-25,14,294221,59421,,,,,,,,0,1,tn-sos,2026-09-06T15:38:36+00:00
2022,TN,2022-10-26,13,357973,63752,,,,,,,,0,1,tn-sos,2026-09-06T15:38:36+00:00
2022,TN,2022-10-27,12,423151,65178,,,,,,,,0,1,tn-sos,2026-09-06T15:38:36+00:00
2022,TN,2022-10-28,11,493972,70821,,,,,,,,0,1,tn-sos,2026-09-06T15:38:36+00:00
2022,TN,2022-10-29,10,536792,42820,,,,,,,,0,1,tn-sos,2026-09-06T15:38:36+00:00
2022,TN,2022-10-31,8,609760,72968,,,,,,,,0,1,tn-sos,2026-09-06T15:38:36+00:00
2022,TN,2022-11-01,7,688000,78240,,,,,,,,0,1,tn-sos,2026-09-06T15:38:36+00:00
2022,TN,2022-11-02,6,770961,82961,,,,,,,,0,1,tn-sos,2026-09-06T15:38:36+00:00
2022,TN,2022-11-03,5,882285,111324,,,,,,,,0,1,tn-sos,2026-09-06T15:38:36+00:00
2022,TX,2022-10-02,37,1499,,,1309,190,,,,,0,1,tx-sos,2026-09-06T15:38:30+00:00
2022,TX,2022-10-03,36,3751,,,3649,102,,,,,0,1,tx-sos,2026-09-06T15:38:30+00:00
2022,TX,2022-10-04,35,4846,,,4744,102,,,,,0,1,tx-sos,2026-09-06T15:38:30+00:00
2022,TX,2022-10-05,34,7948,,,7847,101,,,,,0,1,tx-sos,2026-09-06T15:38:30+00:00
2022,TX,2022-10-06,33,10573,,,10472,101,,,,,0,1,tx-sos,2026-09-06T15:38:30+00:00
2022,TX,2022-10-07,32,14043,,,14025,18,,,,,0,1,tx-sos,2026-09-06T15:38:30+00:00
2022,TX,2022-10-08,31,14192,,,14174,18,,,,,0,1,tx-sos,2026-09-06T15:38:30+00:00
2022,TX,2022-10-09,30,14194,,,14176,18,,,,,0,1,tx-sos,2026-09-06T15:38:30+00:00
2022,TX,2022-10-10,29,15428,,,15291,137,,,,,0,1,tx-sos,2026-09-06T15:38:30+00:00
2022,TX,2022-10-11,28,24452,,,24315,137,,,,,0,1,tx-sos,2026-09-06T15:38:30+00:00
2022,TX,2022-10-12,27,31086,,,30949,137,,,,,0,1,tx-sos,2026-09-06T15:38:30+00:00
2022,TX,2022-10-13,26,44243,,,44106,137,,,,,0,1,tx-sos,2026-09-06T15:38:30+00:00
2022,TX,2022-10-14,25,57716,,,57581,135,,,,,0,1,tx-sos,2026-09-06T15:38:30+00:00
2022,TX,2022-10-15,24,59717,,,59582,135,,,,,0,1,tx-sos,2026-09-06T15:38:30+00:00
2022,TX,2022-10-16,23,60143,,,60008,135,,,,,0,1,tx-sos,2026-09-06T15:38:30+00:00
2022,TX,2022-10-17,22,78190,,,78055,135,,,,,0,1,tx-sos,2026-09-06T15:38:30+00:00
2022,TX,2022-10-18,21,89992,,,89857,135,,,,,0,1,tx-sos,2026-09-06T15:38:30+00:00
2022,TX,2022-10-19,20,103445,,,103308,137,,,,,0,1,tx-sos,2026-09-06T15:38:30+00:00
2022,TX,2022-10-20,19,120675,,,120537,138,,,,,0,1,tx-sos,2026-09-06T15:38:30+00:00
2022,TX,2022-10-21,18,135408,,,135261,147,,,,,0,1,tx-sos,2026-09-06T15:38:30+00:00
2022,TX,2022-10-22,17,153841,,,153694,147,,,,,0,1,tx-sos,2026-09-06T15:38:30+00:00
2022,TX,2022-10-23,16,154206,,,154059,147,,,,,0,1,tx-sos,2026-09-06T15:38:30+00:00
2022,TX,2022-10-24,15,647957,,,171497,476460,,,,,0,1,tx-sos,2026-09-06T15:38:30+00:00
2022,TX,2022-10-25,14,1147219,,,183234,963985,,,,,0,1,tx-sos,2026-09-06T15:38:30+00:00
2022,TX,2022-10-26,13,1617402,,,202008,1415394,,,,,0,1,tx-sos,2026-09-06T15:38:30+00:00
2022,TX,2022-10-27,12,2064995,,,219357,1845638,,,,,0,1,tx-sos,2026-09-06T15:38:30+00:00
2022,TX,2022-10-28,11,2515156,,,238451,2276705,,,,,0,1,tx-sos,2026-09-06T15:38:30+00:00
2022,TX,2022-10-29,10,2845953,,,250229,2595724,,,,,0,1,tx-sos,2026-09-06T15:38:30+00:00
2022,TX,2022-10-30,9,2992421,,,254102,2738319,,,,,0,1,tx-sos,2026-09-06T15:38:30+00:00
2022,TX,2022-10-31,8,3407723,,,268228,3139495,,,,,0,1,tx-sos,2026-09-06T15:38:30+00:00
2022,TX,2022-11-01,7,3803294,,,276541,3526753,,,,,0,1,tx-sos,2026-09-06T15:38:30+00:00
2022,TX,2022-11-02,6,4242737,,,292093,3950644,,,,,0,1,tx-sos,2026-09-06T15:38:30+00:00
2022,TX,2022-11-03,5,4762628,,,304213,4458415,,,,,0,1,tx-sos,2026-09-06T15:38:30+00:00
2022,TX,2022-11-04,4,5497027,,,317448,5179579,,,,,0,1,tx-sos,2026-09-06T15:38:30+00:00
2022,VA,2022-11-08,0,992231,,375658,310670,681561,,,,,0,1,va-elect,2026-09-06T15:38:20+00:00
2024,AK,2024-11-05,0,167263,,72274,60821,91304,,,,,0,1,ak-doe,2026-09-06T15:54:09+00:00
2024,AZ,2024-07-29,99,921671,,2262541,,,,,,,0,1,az-sos,2026-09-06T15:24:42+00:00
2024,CO,2024-10-28,8,1271157,,,1249471,21686,385286,356300,16831,512740,0,1,co-sos,2026-09-06T15:24:55+00:00
2024,CO,2024-10-29,7,1436325,,,1408711,27614,432183,400830,19532,583780,0,1,co-sos,2026-09-06T15:24:55+00:00
2024,CO,2024-10-30,6,1592308,,,1558775,33533,474990,442881,22246,652191,0,1,co-sos,2026-09-06T15:24:55+00:00
2024,CO,2024-10-31,5,1731171,,,1690979,40192,512662,480125,24709,713675,0,1,co-sos,2026-09-06T15:24:55+00:00
2024,CO,2024-11-12,-7,3276257,,,3024573,251684,902138,832323,63346,1478450,0,1,co-sos,2026-09-06T15:24:55+00:00
2024,FL,2024-09-08,58,0,,4871,0,0,0,0,0,0,0,1,fl-doe,2026-09-06T18:40:55+00:00
2024,FL,2024-09-10,56,0,,44735,0,0,0,0,0,0,0,1,fl-doe,2026-09-06T18:40:55+00:00
2024,FL,2024-09-12,54,2,,4858,2,0,0,1,0,1,0,1,fl-doe,2026-09-06T18:40:55+00:00
2024,FL,2024-09-16,50,7,,8196,7,0,2,2,0,3,0,1,fl-doe,2026-09-06T18:40:55+00:00
2024,FL,2024-09-17,49,15,,9509,15,0,8,3,0,4,0,1,fl-doe,2026-09-06T18:40:55+00:00
2024,FL,2024-09-20,46,100,,57768,100,0,44,33,3,20,0,1,fl-doe,2026-09-06T18:40:55+00:00
2024,FL,2024-09-24,42,948,,101968,948,0,401,326,33,188,0,1,fl-doe,2026-09-06T18:40:55+00:00
2024,FL,2024-09-26,40,2169,,565224,2169,0,879,782,72,436,0,1,fl-doe,2026-09-06T18:40:55+00:00
2024,FL,2024-09-29,37,3227,,1131608,3227,0,1263,1181,97,686,0,1,fl-doe,2026-09-06T18:40:55+00:00
2024,FL,2024-09-30,36,3244,,1609571,3244,0,1270,1189,97,688,0,1,fl-doe,2026-09-06T18:40:55+00:00
2024,FL,2024-10-01,35,6152,,2336870,6152,0,2492,2281,167,1212,0,1,fl-doe,2026-09-06T18:40:55+00:00
2024,FL,2024-10-02,34,21232,,2402553,21232,0,9326,7236,553,4117,0,1,fl-doe,2026-09-06T18:40:55+00:00
2024,FL,2024-10-03,33,42573,,2756029,42573,0,18578,15052,1034,7909,0,1,fl-doe,2026-09-06T18:40:55+00:00
2024,FL,2024-10-04,32,76587,,2987326,76587,0,32688,28216,1755,13928,0,1,fl-doe,2026-09-06T18:40:55+00:00
2024,FL,2024-10-06,30,145635,,2990743,145635,0,60207,55843,3130,26455,0,1,fl-doe,2026-09-06T18:40:55+00:00
2024,FL,2024-10-07,29,147794,,3014350,147794,0,61095,56718,3174,26807,0,1,fl-doe,2026-09-06T18:40:55+00:00
2024,FL,2024-10-23,13,2251158,,3380166,1488353,762805,845413,954657,45832,405256,0,1,fl-doe,2026-09-06T18:40:55+00:00
2024,FL,2024-10-28,8,4599039,,3516562,2090695,2508344,1565472,2066547,98062,868958,0,1,fl-doe,2026-09-06T18:40:55+00:00
2024,FL,2024-10-29,7,5141915,,3520000,2216476,2925439,1725933,2318648,111316,986018,0,1,fl-doe,2026-09-06T18:40:55+00:00
2024,FL,2024-10-31,5,6225974,,3522075,2482331,3743643,2060088,2787359,140097,1238430,0,1,fl-doe,2026-09-06T18:40:55+00:00
2024,FL,2024-11-01,4,6731960,,3524182,2609912,4122048,2218111,2995871,153775,1364203,0,1,fl-doe,2026-09-06T18:40:55+00:00
2024,FL,2024-11-03,2,7833099,,3529248,2789008,5044091,2560135,3434458,186207,1652299,0,1,fl-doe,2026-09-06T18:40:55+00:00
2024,FL,2024-11-04,1,8189384,,3530390,2834555,5354829,2694772,3539601,196445,1758566,0,1,fl-doe,2026-09-06T18:40:55+00:00
2024,FL,2024-11-05,0,8289955,,3533348,2926942,5363013,2733069,3569999,199392,1787495,0,1,fl-doe,2026-09-06T18:40:55+00:00
2024,FL,2024-11-06,-1,8385529,,3537334,3022516,5363013,2769756,3597463,202397,1815913,0,1,fl-doe,2026-09-06T18:40:55+00:00
2024,FL,2024-11-07,-2,8387137,,3537279,3024124,5363013,2770428,3597895,202443,1816371,0,1,fl-doe,2026-09-06T18:40:55+00:00
2024,FL,2024-11-08,-3,8388767,,3536682,3025754,5363013,2771048,3598321,202502,1816896,0,1,fl-doe,2026-09-06T18:40:55+00:00
2024,FL,2024-11-09,-4,8389475,,3536095,3026462,5363013,2771352,3598507,202526,1817090,0,1,fl-doe,2026-09-06T18:40:55+00:00
2024,FL,2024-11-12,-7,8389505,,3535907,3026492,5363013,2771366,3598509,202527,1817103,0,1,fl-doe,2026-09-06T18:40:55+00:00
2024,FL,2024-11-13,-8,8390409,,3534280,3027396,5363013,2771694,3598773,202558,1817384,0,1,fl-doe,2026-09-06T18:40:55+00:00
2024,FL,2024-11-14,-9,8390983,,3531861,3027970,5363013,2771943,3598881,202574,1817585,0,1,fl-doe,2026-09-06T18:40:55+00:00
2024,FL,2024-11-17,-12,8392045,,3531120,3029032,5363013,2772416,3599143,202617,1817869,0,1,fl-doe,2026-09-06T18:40:55+00:00
2024,FL,2024-11-18,-13,8392046,,3531119,3029033,5363013,2772416,3599144,202617,1817869,0,1,fl-doe,2026-09-06T18:40:55+00:00
2024,FL,2024-11-20,-15,8392165,,3529020,3029152,5363013,2772470,3599175,202623,1817897,0,1,fl-doe,2026-09-06T18:40:55+00:00
2024,GA,2024-11-05,0,4031303,,316968,265648,3765655,,,,,0,3,uf-election-lab,2026-09-06T15:24:38+00:00
2024,IA,2024-10-17,19,28102,,234410,28102,,12243,11245,100,4514,0,1,ia-sos,2026-09-06T15:27:24+00:00
2024,IA,2024-10-18,18,49618,,265953,49618,,21787,19403,178,8250,0,1,ia-sos,2026-09-06T15:27:24+00:00
2024,IA,2024-10-21,15,112312,,327210,112312,,48286,44507,437,19082,0,1,ia-sos,2026-09-06T15:27:24+00:00
2024,IA,2024-10-22,14,165819,,348049,165819,,72397,65046,695,27681,0,1,ia-sos,2026-09-06T15:27:24+00:00
2024,IA,2024-10-23,13,214870,,375485,214870,,94399,83116,947,36408,0,1,ia-sos,2026-09-06T15:27:24+00:00
2024,IA,2024-10-24,12,272010,,402289,272010,,117702,106365,1237,46706,0,1,ia-sos,2026-09-06T15:27:24+00:00
2024,IA,2024-10-25,11,317952,,428174,317952,,135437,125243,1470,55802,0,1,ia-sos,2026-09-06T15:27:24+00:00
2024,IA,2024-10-28,8,401760,,483809,401760,,167734,157463,2005,74558,0,1,ia-sos,2026-09-06T15:27:24+00:00
2024,IA,2024-10-29,7,451219,,510897,451219,,185671,177649,2359,85540,0,1,ia-sos,2026-09-06T15:27:24+00:00
2024,IA,2024-10-30,6,480383,,532131,480383,,195818,189449,2555,92561,0,1,ia-sos,2026-09-06T15:27:24+00:00
2024,IA,2024-10-31,5,517525,,558354,517525,,207442,205343,2832,101908,0,1,ia-sos,2026-09-06T15:27:24+00:00
2024,IA,2024-11-01,4,556265,,588385,556265,,219848,221183,3124,112110,0,1,ia-sos,2026-09-06T15:27:24+00:00
2024,IA,2024-11-02,3,603985,,628176,603985,,233735,241011,3500,125739,0,1,ia-sos,2026-09-06T15:27:24+00:00
2024,IA,2024-11-04,1,634836,,655916,634836,,243902,252139,3771,135024,0,1,ia-sos,2026-09-06T15:27:24+00:00
2024,IA,2024-11-05,0,675464,,692386,675464,,256023,267103,4221,148117,0,1,ia-sos,2026-09-06T15:27:24+00:00
2024,IA,2024-11-06,-1,680297,,694017,680297,,257634,268899,4294,149470,0,1,ia-sos,2026-09-06T15:27:24+00:00
2024,IL,2024-11-04,1,2384887,,1270986,832898,1551989,,,,,0,3,uf-election-lab,2026-09-06T18:41:46+00:00
2024,KY,2024-09-23,43,0,,0,0,0,0,0,,,0,1,ky-sbe,2026-09-06T15:28:18+00:00
2024,KY,2024-09-26,40,0,,0,0,0,0,0,,,0,1,ky-sbe,2026-09-06T15:28:18+00:00
2024,KY,2024-09-30,36,0,,40047,0,0,0,0,,,0,1,ky-sbe,2026-09-06T15:28:18+00:00
2024,KY,2024-10-08,28,15097,,77803,15097,0,7770,5994,,,0,1,ky-sbe,2026-09-06T15:28:18+00:00
2024,KY,2024-10-14,22,26737,,100250,26737,0,13722,10709,,,0,1,ky-sbe,2026-09-06T15:28:18+00:00
2024,KY,2024-10-21,15,48211,,119656,48211,0,24607,19315,,,0,1,ky-sbe,2026-09-06T15:28:18+00:00
2024,KY,2024-10-23,13,60649,,129986,60649,0,30801,24194,,,0,1,ky-sbe,2026-09-06T15:28:18+00:00
2024,KY,2024-10-25,11,82906,,135115,71509,11397,40276,35198,,,0,1,ky-sbe,2026-09-06T15:28:18+00:00
2024,KY,2024-10-26,10,92045,,135134,75604,16441,43843,40028,,,0,1,ky-sbe,2026-09-06T15:28:18+00:00
2024,KY,2024-10-29,7,105265,,135172,83662,21603,49390,46491,,,0,1,ky-sbe,2026-09-06T15:28:18+00:00
2024,KY,2024-10-30,6,115665,,135159,89750,25915,53758,51553,,,0,1,ky-sbe,2026-09-06T15:28:18+00:00
2024,KY,2024-10-31,5,125052,,135170,95047,30005,57869,56055,,,0,1,ky-sbe,2026-09-06T15:28:18+00:00
2024,KY,2024-11-01,4,355909,,135110,100207,255702,150268,179101,,,0,1,ky-sbe,2026-09-06T15:28:18+00:00
2024,KY,2024-11-02,3,590442,,135118,104794,485648,245990,301340,,,0,1,ky-sbe,2026-09-06T15:28:18+00:00
2024,KY,2024-11-03,2,792476,,135093,106191,686285,327830,405729,,,0,1,ky-sbe,2026-09-06T15:28:18+00:00
2024,KY,2024-11-05,0,803596,,135089,114907,688689,332641,410785,,,0,1,ky-sbe,2026-09-06T15:28:18+00:00
2024,MD,2024-10-24,12,150302,150302,,,150302,77357,52202,1628,19115,0,1,md-sbe,2026-09-06T15:28:10+00:00
2024,MD,2024-10-25,11,286197,135895,,,286197,147604,96750,3024,38819,0,1,md-sbe,2026-09-06T15:28:10+00:00
2024,MD,2024-10-26,10,367370,81173,,,367370,191341,119990,3923,52116,0,1,md-sbe,2026-09-06T15:28:10+00:00
2024,MD,2024-10-27,9,440587,73217,,,440587,229882,141599,4670,64436,0,1,md-sbe,2026-09-06T15:28:10+00:00
2024,MD,2024-10-28,8,568428,127841,,,568428,295886,182859,6086,83597,0,1,md-sbe,2026-09-06T15:28:10+00:00
2024,MD,2024-10-29,7,695651,127223,,,695651,361152,222576,7594,104329,0,1,md-sbe,2026-09-06T15:28:10+00:00
2024,MD,2024-10-30,6,835503,139852,,,835503,434140,263070,9290,129003,0,1,md-sbe,2026-09-06T15:28:10+00:00
2024,MD,2024-10-31,5,994663,159160,,,994663,520690,303745,11379,158849,0,1,md-sbe,2026-09-06T15:28:10+00:00
2024,ME,2024-07-08,120,2,0,1185,1,1,2,0,0,0,0,1,me-sos,2026-09-06T15:27:58+00:00
2024,ME,2024-07-09,119,2,0,1209,1,1,2,0,0,0,0,1,me-sos,2026-09-06T15:27:58+00:00
2024,ME,2024-07-10,118,2,0,1237,1,1,2,0,0,0,0,1,me-sos,2026-09-06T15:27:58+00:00
2024,ME,2024-07-11,117,2,0,1243,1,1,2,0,0,0,0,1,me-sos,2026-09-06T15:27:58+00:00
2024,ME,2024-07-12,116,2,0,1268,1,1,2,0,0,0,0,1,me-sos,2026-09-06T15:27:58+00:00
2024,ME,2024-07-13,115,2,0,1277,1,1,2,0,0,0,0,1,me-sos,2026-09-06T15:27:58+00:00
2024,ME,2024-07-14,114,2,0,1278,1,1,2,0,0,0,0,1,me-sos,2026-09-06T15:27:58+00:00
2024,ME,2024-07-15,113,2,0,1301,1,1,2,0,0,0,0,1,me-sos,2026-09-06T15:27:58+00:00
2024,ME,2024-07-16,112,2,0,1324,1,1,2,0,0,0,0,1,me-sos,2026-09-06T15:27:58+00:00
2024,ME,2024-07-17,111,2,0,1343,1,1,2,0,0,0,0,1,me-sos,2026-09-06T15:27:58+00:00
2024,ME,2024-07-18,110,2,0,1362,1,1,2,0,0,0,0,1,me-sos,2026-09-06T15:27:58+00:00
2024,ME,2024-07-19,109,2,0,1378,1,1,2,0,0,0,0,1,me-sos,2026-09-06T15:27:58+00:00
2024,ME,2024-07-20,108,2,0,1379,1,1,2,0,0,0,0,1,me-sos,2026-09-06T15:27:58+00:00
2024,ME,2024-07-21,107,2,0,1380,1,1,2,0,0,0,0,1,me-sos,2026-09-06T15:27:58+00:00
2024,ME,2024-07-22,106,2,0,1437,1,1,2,0,0,0,0,1,me-sos,2026-09-06T15:27:58+00:00
2024,ME,2024-07-23,105,2,0,1474,1,1,2,0,0,0,0,1,me-sos,2026-09-06T15:27:58+00:00
2024,ME,2024-07-24,104,2,0,1509,1,1,2,0,0,0,0,1,me-sos,2026-09-06T15:27:58+00:00
2024,ME,2024-07-25,103,2,0,1552,1,1,2,0,0,0,0,1,me-sos,2026-09-06T15:27:58+00:00
2024,ME,2024-07-26,102,2,0,1579,1,1,2,0,0,0,0,1,me-sos,2026-09-06T15:27:58+00:00
2024,ME,2024-07-27,101,2,0,1579,1,1,2,0,0,0,0,1,me-sos,2026-09-06T15:27:58+00:00
2024,ME,2024-07-28,100,2,0,1579,1,1,2,0,0,0,0,1,me-sos,2026-09-06T15:27:58+00:00
2024,ME,2024-07-29,99,2,0,1644,1,1,2,0,0,0,0,1,me-sos,2026-09-06T15:27:58+00:00
2024,ME,2024-07-30,98,2,0,1677,1,1,2,0,0,0,0,1,me-sos,2026-09-06T15:27:58+00:00
2024,ME,2024-07-31,97,2,0,1726,1,1,2,0,0,0,0,1,me-sos,2026-09-06T15:27:58+00:00
2024,ME,2024-08-01,96,2,0,1767,1,1,2,0,0,0,0,1,me-sos,2026-09-06T15:27:58+00:00
2024,ME,2024-08-02,95,2,0,1794,1,1,2,0,0,0,0,1,me-sos,2026-09-06T15:27:58+00:00
2024,ME,2024-08-03,94,2,0,1797,1,1,2,0,0,0,0,1,me-sos,2026-09-06T15:27:58+00:00
2024,ME,2024-08-04,93,2,0,1798,1,1,2,0,0,0,0,1,me-sos,2026-09-06T15:27:58+00:00
2024,ME,2024-08-05,92,2,0,3687,1,1,2,0,0,0,0,1,me-sos,2026-09-06T15:27:58+00:00
2024,ME,2024-08-06,91,2,0,4295,1,1,2,0,0,0,0,1,me-sos,2026-09-06T15:27:58+00:00
2024,ME,2024-08-07,90,2,0,5167,1,1,2,0,0,0,0,1,me-sos,2026-09-06T15:27:58+00:00
2024,ME,2024-08-08,89,2,0,6579,1,1,2,0,0,0,0,1,me-sos,2026-09-06T15:27:58+00:00
2024,ME,2024-08-09,88,2,0,7681,1,1,2,0,0,0,0,1,me-sos,2026-09-06T15:27:58+00:00
2024,ME,2024-08-10,87,2,0,8069,1,1,2,0,0,0,0,1,me-sos,2026-09-06T15:27:58+00:00
2024,ME,2024-08-11,86,2,0,8306,1,1,2,0,0,0,0,1,me-sos,2026-09-06T15:27:58+00:00
2024,ME,2024-08-12,85,2,0,9681,1,1,2,0,0,0,0,1,me-sos,2026-09-06T15:27:58+00:00
2024,ME,2024-08-13,84,3,1,11005,1,2,2,1,0,0,0,1,me-sos,2026-09-06T15:27:58+00:00
2024,ME,2024-08-14,83,5,2,12693,1,4,4,1,0,0,0,1,me-sos,2026-09-06T15:27:58+00:00
2024,ME,2024-08-15,82,6,1,13886,2,4,4,2,0,0,0,1,me-sos,2026-09-06T15:27:58+00:00
2024,ME,2024-08-16,81,7,1,14569,2,5,5,2,0,0,0,1,me-sos,2026-09-06T15:27:58+00:00
2024,ME,2024-08-17,80,7,0,14849,2,5,5,2,0,0,0,1,me-sos,2026-09-06T15:27:58+00:00
2024,ME,2024-08-18,79,7,0,15174,2,5,5,2,0,0,0,1,me-sos,2026-09-06T15:27:58+00:00
2024,ME,2024-08-19,78,8,1,16433,2,6,5,2,0,1,0,1,me-sos,2026-09-06T15:27:58+00:00
2024,ME,2024-08-20,77,8,0,17528,2,6,5,2,0,1,0,1,me-sos,2026-09-06T15:27:58+00:00
2024,ME,2024-08-21,76,8,0,18565,2,6,5,2,0,1,0,1,me-sos,2026-09-06T15:27:58+00:00
2024,ME,2024-08-22,75,8,0,19501,2,6,5,2,0,1,0,1,me-sos,2026-09-06T15:27:58+00:00
2024,ME,2024-08-23,74,8,0,20298,2,6,5,2,0,1,0,1,me-sos,2026-09-06T15:27:58+00:00
2024,ME,2024-08-24,73,8,0,20623,2,6,5,2,0,1,0,1,me-sos,2026-09-06T15:27:58+00:00
2024,ME,2024-08-25,72,8,0,20938,2,6,5,2,0,1,0,1,me-sos,2026-09-06T15:27:58+00:00
2024,ME,2024-08-26,71,10,2,22384,3,7,5,3,0,2,0,1,me-sos,2026-09-06T15:27:58+00:00
2024,ME,2024-08-27,70,11,1,23644,3,8,5,3,0,3,0,1,me-sos,2026-09-06T15:27:58+00:00
2024,ME,2024-08-28,69,12,1,24881,3,9,5,3,0,4,0,1,me-sos,2026-09-06T15:27:58+00:00
2024,ME,2024-08-29,68,12,0,25901,3,9,5,3,0,4,0,1,me-sos,2026-09-06T15:27:58+00:00
2024,ME,2024-08-30,67,12,0,26700,3,9,5,3,0,4,0,1,me-sos,2026-09-06T15:27:58+00:00
2024,ME,2024-08-31,66,12,0,27051,3,9,5,3,0,4,0,1,me-sos,2026-09-06T15:27:58+00:00
2024,ME,2024-09-01,65,12,0,27456,3,9,5,3,0,4,0,1,me-sos,2026-09-06T15:27:58+00:00
2024,ME,2024-09-02,64,12,0,28054,3,9,5,3,0,4,0,1,me-sos,2026-09-06T15:27:58+00:00
2024,ME,2024-09-03,63,13,1,30501,3,10,5,3,0,5,0,1,me-sos,2026-09-06T15:27:58+00:00
2024,ME,2024-09-04,62,14,1,32217,3,11,6,3,0,5,0,1,me-sos,2026-09-06T15:27:58+00:00
2024,ME,2024-09-05,61,16,2,34548,5,11,6,3,0,7,0,1,me-sos,2026-09-06T15:27:58+00:00
2024,ME,2024-09-06,60,16,0,36146,5,11,6,3,0,7,0,1,me-sos,2026-09-06T15:27:58+00:00
2024,ME,2024-09-07,59,16,0,36522,5,11,6,3,0,7,0,1,me-sos,2026-09-06T15:27:58+00:00
2024,ME,2024-09-08,58,16,0,36954,5,11,6,3,0,7,0,1,me-sos,2026-09-06T15:27:58+00:00
2024,ME,2024-09-09,57,19,3,40085,7,12,6,5,0,8,0,1,me-sos,2026-09-06T15:27:58+00:00
2024,ME,2024-09-10,56,20,1,42653,7,13,6,6,0,8,0,1,me-sos,2026-09-06T15:27:58+00:00
2024,ME,2024-09-11,55,20,0,45386,7,13,6,6,0,8,0,1,me-sos,2026-09-06T15:27:58+00:00
2024,ME,2024-09-12,54,26,6,48318,9,17,10,7,0,9,0,1,me-sos,2026-09-06T15:27:58+00:00
2024,ME,2024-09-13,53,26,0,50352,9,17,10,7,0,9,0,1,me-sos,2026-09-06T15:27:58+00:00
2024,ME,2024-09-14,52,26,0,50934,9,17,10,7,0,9,0,1,me-sos,2026-09-06T15:27:58+00:00
2024,ME,2024-09-15,51,26,0,51615,9,17,10,7,0,9,0,1,me-sos,2026-09-06T15:27:58+00:00
2024,ME,2024-09-16,50,27,1,55271,9,18,10,7,0,10,0,1,me-sos,2026-09-06T15:27:58+00:00
2024,ME,2024-09-17,49,30,3,59307,9,21,10,9,1,10,0,1,me-sos,2026-09-06T15:27:58+00:00
2024,ME,2024-09-18,48,30,0,62605,9,21,10,9,1,10,0,1,me-sos,2026-09-06T15:27:58+00:00
2024,ME,2024-09-19,47,146,116,65635,124,22,80,22,4,40,0,1,me-sos,2026-09-06T15:27:58+00:00
2024,ME,2024-09-20,46,660,514,68059,637,23,414,79,28,139,0,1,me-sos,2026-09-06T15:27:58+00:00
2024,ME,2024-09-21,45,861,201,68698,838,23,544,99,35,183,0,1,me-sos,2026-09-06T15:27:58+00:00
2024,ME,2024-09-22,44,1046,185,69407,1023,23,662,113,41,230,0,1,me-sos,2026-09-06T15:27:58+00:00
2024,ME,2024-09-23,43,1283,237,74433,1258,25,825,122,49,287,0,1,me-sos,2026-09-06T15:27:58+00:00
2024,ME,2024-09-24,42,1432,149,77528,1405,27,923,138,52,319,0,1,me-sos,2026-09-06T15:27:58+00:00
2024,ME,2024-09-25,41,1576,144,80698,1541,35,1020,149,56,351,0,1,me-sos,2026-09-06T15:27:58+00:00
2024,ME,2024-09-26,40,1746,170,84250,1658,88,1123,179,62,382,0,1,me-sos,2026-09-06T15:27:58+00:00
2024,ME,2024-09-27,39,1949,203,86250,1790,159,1235,208,72,434,0,1,me-sos,2026-09-06T15:27:58+00:00
2024,ME,2024-09-28,38,2030,81,86804,1869,161,1289,216,75,450,0,1,me-sos,2026-09-06T15:27:58+00:00
2024,ME,2024-09-29,37,2114,84,87448,1953,161,1346,221,78,469,0,1,me-sos,2026-09-06T15:27:58+00:00
2024,ME,2024-09-30,36,2724,610,91899,2348,376,1690,352,90,592,0,1,me-sos,2026-09-06T15:27:58+00:00
2024,ME,2024-10-01,35,3610,886,96575,2839,771,2117,574,116,803,0,1,me-sos,2026-09-06T15:27:58+00:00
2024,ME,2024-10-02,34,4903,1293,101039,3647,1256,2735,907,165,1096,0,1,me-sos,2026-09-06T15:27:58+00:00
2024,ME,2024-10-03,33,6612,1709,106398,4618,1994,3519,1335,238,1520,0,1,me-sos,2026-09-06T15:27:58+00:00
2024,ME,2024-10-04,32,8159,1547,110430,5567,2592,4248,1733,292,1886,0,1,me-sos,2026-09-06T15:27:58+00:00
2024,ME,2024-10-05,31,8465,306,111306,5839,2626,4412,1793,303,1957,0,1,me-sos,2026-09-06T15:27:58+00:00
2024,ME,2024-10-06,30,8769,304,112411,6140,2629,4591,1828,311,2039,0,1,me-sos,2026-09-06T15:27:58+00:00
2024,ME,2024-10-07,29,17473,8704,125939,11128,6345,8987,3897,609,3980,0,1,me-sos,2026-09-06T15:27:58+00:00
2024,ME,2024-10-08,28,27089,9616,141791,15887,11202,13580,6448,891,6170,0,1,me-sos,2026-09-06T15:27:58+00:00
2024,ME,2024-10-09,27,37594,10505,155579,21945,15649,18647,9064,1262,8621,0,1,me-sos,2026-09-06T15:27:58+00:00
2024,ME,2024-10-10,26,49330,11736,167083,29358,19972,24168,12038,1674,11450,0,1,me-sos,2026-09-06T15:27:58+00:00
2024,ME,2024-10-11,25,57555,8225,174239,34824,22731,28191,14111,1925,13328,0,1,me-sos,2026-09-06T15:27:58+00:00
2024,ME,2024-10-12,24,58282,727,175068,35521,22761,28587,14230,1947,13518,0,1,me-sos,2026-09-06T15:27:58+00:00
2024,ME,2024-10-13,23,58979,697,175955,36216,22763,28970,14354,1969,13686,0,1,me-sos,2026-09-06T15:27:58+00:00
2024,ME,2024-10-14,22,60385,1406,177690,37581,22804,29692,14619,2019,14055,0,1,me-sos,2026-09-06T15:27:58+00:00
2024,ME,2024-10-15,21,84912,24527,197690,53517,31395,40885,21092,2827,20108,0,1,me-sos,2026-09-06T15:27:58+00:00
2024,ME,2024-10-16,20,102974,18062,212288,64671,38303,49106,25908,3458,24502,0,1,me-sos,2026-09-06T15:27:58+00:00
2024,ME,2024-10-17,19,119239,16265,225279,74300,44939,56314,30380,4045,28500,0,1,me-sos,2026-09-06T15:27:58+00:00
2024,ME,2024-10-18,18,129611,10372,232740,80828,48783,60720,33297,4437,31157,0,1,me-sos,2026-09-06T15:27:58+00:00
2024,ME,2024-10-19,17,131451,1840,233853,82333,49118,61626,33639,4513,31673,0,1,me-sos,2026-09-06T15:27:58+00:00
2024,ME,2024-10-20,16,132438,987,234557,83317,49121,62133,33820,4543,31942,0,1,me-sos,2026-09-06T15:27:58+00:00
2024,ME,2024-10-21,15,153740,21302,249382,96639,57101,71179,39858,5345,37358,0,1,me-sos,2026-09-06T15:27:58+00:00
2024,ME,2024-10-22,14,172142,18402,263904,106797,65345,78863,45251,6045,41983,0,1,me-sos,2026-09-06T15:27:58+00:00
2024,ME,2024-10-23,13,189811,17669,277523,116131,73680,85958,50484,6743,46626,0,1,me-sos,2026-09-06T15:27:58+00:00
2024,ME,2024-10-24,12,208587,18776,292457,125585,83002,93307,56066,7551,51663,0,1,me-sos,2026-09-06T15:27:58+00:00
2024,ME,2024-10-25,11,221686,13099,301721,132644,89042,98508,60026,8099,55053,0,1,me-sos,2026-09-06T15:27:58+00:00
2024,ME,2024-10-26,10,224815,3129,303222,134811,90004,99982,60703,8224,55906,0,1,me-sos,2026-09-06T15:27:58+00:00
2024,ME,2024-10-27,9,226206,1391,303752,136088,90118,100643,60962,8282,56319,0,1,me-sos,2026-09-06T15:27:58+00:00
2024,ME,2024-10-28,8,254446,28240,323420,150004,104442,111489,69344,9574,64039,0,1,me-sos,2026-09-06T15:27:58+00:00
2024,ME,2024-10-29,7,282029,27583,343499,162102,119927,121982,77779,10839,71429,0,1,me-sos,2026-09-06T15:27:58+00:00
2024,ME,2024-10-30,6,308578,26549,363778,172150,136428,131630,85955,12173,78820,0,1,me-sos,2026-09-06T15:27:58+00:00
2024,ME,2024-10-31,5,339155,30577,386485,183566,155589,142553,95406,13679,87517,0,1,me-sos,2026-09-06T15:27:58+00:00
2024,ME,2024-11-01,4,346744,7589,387408,190466,156278,145484,97339,14057,89864,0,1,me-sos,2026-09-06T15:27:58+00:00
2024,ME,2024-11-02,3,348906,2162,387489,192595,156311,146432,97745,14190,90539,0,1,me-sos,2026-09-06T15:27:58+00:00
2024,ME,2024-11-03,2,351266,2360,387530,194952,156314,147557,98107,14299,91303,0,1,me-sos,2026-09-06T15:27:58+00:00
2024,ME,2024-11-04,1,367684,16418,388621,210615,157069,153708,101922,15305,96749,0,1,me-sos,2026-09-06T15:27:58+00:00
2024,ME,2024-11-05,0,378760,11076,388815,221646,157114,157989,104256,16025,100490,0,1,me-sos,2026-09-06T15:27:58+00:00
2024,MI,2024-11-05,0,3319560,,3599247,3319560,,,,,,0,3,uf-election-lab,2026-09-06T15:28:47+00:00
2024,MN,2024-11-04,1,1174224,,1346562,1174224,,,,,,0,3,uf-election-lab,2026-09-06T15:54:03+00:00
2024,NC,2024-09-20,46,152,152,,152,0,65,28,3,56,0,1,nc-sbe,2026-09-06T15:36:54+00:00
2024,NC,2024-09-21,45,355,203,,355,0,178,39,4,134,0,1,nc-sbe,2026-09-06T15:36:54+00:00
2024,NC,2024-09-22,44,572,217,,572,0,285,60,4,223,0,1,nc-sbe,2026-09-06T15:36:54+00:00
2024,NC,2024-09-23,43,1466,894,,1466,0,730,170,17,549,0,1,nc-sbe,2026-09-06T15:36:54+00:00
2024,NC,2024-09-24,42,2252,786,,2252,0,1104,267,29,852,0,1,nc-sbe,2026-09-06T15:36:54+00:00
2024,NC,2024-09-25,41,3393,1141,,3393,0,1668,357,38,1330,0,1,nc-sbe,2026-09-06T15:36:54+00:00
2024,NC,2024-09-26,40,3837,444,,3837,0,1857,437,42,1501,0,1,nc-sbe,2026-09-06T15:36:54+00:00
2024,NC,2024-09-27,39,4485,648,,4485,0,2174,546,57,1708,0,1,nc-sbe,2026-09-06T15:36:54+00:00
2024,NC,2024-09-28,38,5028,543,,5028,0,2411,600,70,1947,0,1,nc-sbe,2026-09-06T15:36:54+00:00
2024,NC,2024-09-29,37,5188,160,,5188,0,2484,610,72,2022,0,1,nc-sbe,2026-09-06T15:36:54+00:00
2024,NC,2024-09-30,36,7793,2605,,7793,0,3467,1337,89,2900,0,1,nc-sbe,2026-09-06T15:36:54+00:00
2024,NC,2024-10-01,35,9987,2194,,9987,0,4270,1966,100,3651,0,1,nc-sbe,2026-09-06T15:36:54+00:00
2024,NC,2024-10-02,34,13557,3570,,13557,0,5640,2927,115,4875,0,1,nc-sbe,2026-09-06T15:36:54+00:00
2024,NC,2024-10-03,33,18335,4778,,18335,0,7466,4276,136,6457,0,1,nc-sbe,2026-09-06T15:36:54+00:00
2024,NC,2024-10-04,32,22642,4307,,22642,0,8980,5560,160,7942,0,1,nc-sbe,2026-09-06T15:36:54+00:00
2024,NC,2024-10-05,31,23914,1272,,23914,0,9404,5902,168,8440,0,1,nc-sbe,2026-09-06T15:36:54+00:00
2024,NC,2024-10-06,30,24137,223,,24137,0,9504,5944,170,8519,0,1,nc-sbe,2026-09-06T15:36:54+00:00
2024,NC,2024-10-07,29,31387,7250,,31387,0,12045,8120,218,11004,0,1,nc-sbe,2026-09-06T15:36:54+00:00
2024,NC,2024-10-08,28,36202,4815,,36202,0,13802,9575,247,12578,0,1,nc-sbe,2026-09-06T15:36:54+00:00
2024,NC,2024-10-09,27,41655,5453,,41655,0,15716,11156,279,14504,0,1,nc-sbe,2026-09-06T15:36:54+00:00
2024,NC,2024-10-10,26,46843,5188,,46843,0,17593,12708,315,16227,0,1,nc-sbe,2026-09-06T15:36:54+00:00
2024,NC,2024-10-11,25,53984,7141,,53984,0,20177,14640,358,18809,0,1,nc-sbe,2026-09-06T15:36:54+00:00
2024,NC,2024-10-12,24,56999,3015,,56999,0,21360,15401,379,19859,0,1,nc-sbe,2026-09-06T15:36:54+00:00
2024,NC,2024-10-13,23,57354,355,,57354,0,21492,15476,384,20002,0,1,nc-sbe,2026-09-06T15:36:54+00:00
2024,NC,2024-10-14,22,61840,4486,,61840,0,23114,16721,408,21597,0,1,nc-sbe,2026-09-06T15:36:54+00:00
2024,NC,2024-10-15,21,67224,5384,,67224,0,25053,18240,446,23485,0,1,nc-sbe,2026-09-06T15:36:54+00:00
2024,NC,2024-10-16,20,71898,4674,,71898,0,26787,19495,479,25137,0,1,nc-sbe,2026-09-06T15:36:54+00:00
2024,NC,2024-10-17,19,441232,369334,,81040,0,160651,147041,2024,131516,0,1,nc-sbe,2026-09-06T15:36:54+00:00
2024,NC,2024-10-18,18,792014,350782,,91957,0,277450,269918,3625,241021,0,1,nc-sbe,2026-09-06T15:36:54+00:00
2024,NC,2024-10-19,17,966624,174610,,97948,0,338396,325730,4655,297843,0,1,nc-sbe,2026-09-06T15:36:54+00:00
2024,NC,2024-10-20,16,1044819,78195,,100587,0,369126,346132,5068,324493,0,1,nc-sbe,2026-09-06T15:36:54+00:00
2024,NC,2024-10-21,15,1397710,352891,,112152,0,488478,469226,6821,433185,0,1,nc-sbe,2026-09-06T15:36:54+00:00
2024,NC,2024-10-22,14,1722969,325259,,119694,0,594337,584072,8566,535994,0,1,nc-sbe,2026-09-06T15:36:54+00:00
2024,NC,2024-10-23,13,2025320,302351,,129995,0,688561,692331,10315,634113,0,1,nc-sbe,2026-09-06T15:36:54+00:00
2024,NC,2024-10-24,12,2314976,289656,,143965,0,778454,794982,12265,729275,0,1,nc-sbe,2026-09-06T15:36:54+00:00
2024,NC,2024-10-25,11,2613449,298473,,154949,0,867566,900427,14358,831098,0,1,nc-sbe,2026-09-06T15:36:54+00:00
2024,NC,2024-10-26,10,2758884,145435,,162140,0,915329,945929,15619,882007,0,1,nc-sbe,2026-09-06T15:36:54+00:00
2024,NC,2024-10-27,9,2839881,80997,,166204,0,944004,968104,16293,911480,0,1,nc-sbe,2026-09-06T15:36:54+00:00
2024,NC,2024-10-28,8,3128275,288394,,180225,0,1032880,1067562,18576,1009257,0,1,nc-sbe,2026-09-06T15:36:54+00:00
2024,NC,2024-10-29,7,3393638,265363,,190190,0,1113814,1157008,20835,1101981,0,1,nc-sbe,2026-09-06T15:36:54+00:00
2024,NC,2024-10-30,6,3651028,257390,,204138,0,1192861,1239348,23314,1195505,0,1,nc-sbe,2026-09-06T15:36:54+00:00
2024,NC,2024-10-31,5,3891855,240827,,219600,0,1266048,1316123,25784,1283900,0,1,nc-sbe,2026-09-06T15:36:54+00:00
2024,NC,2024-11-01,4,4215302,323447,,235270,0,1364142,1415427,29365,1406368,0,1,nc-sbe,2026-09-06T15:36:54+00:00
2024,NC,2024-11-02,3,4477678,262376,,253944,0,1449639,1489288,32706,1506045,0,1,nc-sbe,2026-09-06T15:36:54+00:00
2024,NC,2024-11-03,2,4481102,3424,,257368,0,1450780,1490020,32743,1507559,0,1,nc-sbe,2026-09-06T15:36:54+00:00
2024,NC,2024-11-04,1,4496546,15444,,272812,0,1455882,1493431,32889,1514344,0,1,nc-sbe,2026-09-06T15:36:54+00:00
2024,NC,2024-11-05,0,4520768,24222,,297034,0,1463907,1498502,33273,1525086,0,1,nc-sbe,2026-09-06T15:36:54+00:00
2024,NV,2024-11-04,1,1099333,,1975090,556062,543271,370818,412764,,315751,0,3,uf-election-lab,2026-09-06T15:24:41+00:00
2024,NY,2024-11-03,2,2985181,,1,,2985181,,,,,0,3,uf-election-lab,2026-09-06T15:54:09+00:00
2024,OH,2024-11-05,0,2620750,,1153568,1084496,1536254,,,,,0,1,oh-sos,2026-09-06T15:28:53+00:00
2024,PA,2024-07-08,120,0,0,887958,0,,0,0,0,,0,1,pa-dos,2026-09-06T15:28:01+00:00
2024,PA,2024-07-09,119,0,0,890346,0,,0,0,0,,0,1,pa-dos,2026-09-06T15:28:01+00:00
2024,PA,2024-07-10,118,0,0,893639,0,,0,0,0,,0,1,pa-dos,2026-09-06T15:28:01+00:00
2024,PA,2024-07-11,117,0,0,897058,0,,0,0,0,,0,1,pa-dos,2026-09-06T15:28:01+00:00
2024,PA,2024-07-12,116,0,0,900301,0,,0,0,0,,0,1,pa-dos,2026-09-06T15:28:01+00:00
2024,PA,2024-07-13,115,0,0,900312,0,,0,0,0,,0,1,pa-dos,2026-09-06T15:28:01+00:00
2024,PA,2024-07-14,114,0,0,900312,0,,0,0,0,,0,1,pa-dos,2026-09-06T15:28:01+00:00
2024,PA,2024-07-15,113,0,0,905256,0,,0,0,0,,0,1,pa-dos,2026-09-06T15:28:01+00:00
2024,PA,2024-07-16,112,0,0,910425,0,,0,0,0,,0,1,pa-dos,2026-09-06T15:28:01+00:00
2024,PA,2024-07-17,111,0,0,916487,0,,0,0,0,,0,1,pa-dos,2026-09-06T15:28:01+00:00
2024,PA,2024-07-18,110,0,0,921662,0,,0,0,0,,0,1,pa-dos,2026-09-06T15:28:01+00:00
2024,PA,2024-07-19,109,0,0,924436,0,,0,0,0,,0,1,pa-dos,2026-09-06T15:28:01+00:00
2024,PA,2024-07-20,108,0,0,924438,0,,0,0,0,,0,1,pa-dos,2026-09-06T15:28:01+00:00
2024,PA,2024-07-21,107,0,0,924537,0,,0,0,0,,0,1,pa-dos,2026-09-06T15:28:01+00:00
2024,PA,2024-07-22,106,0,0,930041,0,,0,0,0,,0,1,pa-dos,2026-09-06T15:28:01+00:00
2024,PA,2024-07-23,105,0,0,935793,0,,0,0,0,,0,1,pa-dos,2026-09-06T15:28:01+00:00
2024,PA,2024-07-24,104,0,0,941946,0,,0,0,0,,0,1,pa-dos,2026-09-06T15:28:01+00:00
2024,PA,2024-07-25,103,0,0,949012,0,,0,0,0,,0,1,pa-dos,2026-09-06T15:28:01+00:00
2024,PA,2024-07-26,102,0,0,953949,0,,0,0,0,,0,1,pa-dos,2026-09-06T15:28:01+00:00
2024,PA,2024-07-27,101,0,0,953980,0,,0,0,0,,0,1,pa-dos,2026-09-06T15:28:01+00:00
2024,PA,2024-07-28,100,0,0,954083,0,,0,0,0,,0,1,pa-dos,2026-09-06T15:28:01+00:00
2024,PA,2024-07-29,99,0,0,961318,0,,0,0,0,,0,1,pa-dos,2026-09-06T15:28:01+00:00
2024,PA,2024-07-30,98,0,0,972766,0,,0,0,0,,0,1,pa-dos,2026-09-06T15:28:01+00:00
2024,PA,2024-07-31,97,0,0,978773,0,,0,0,0,,0,1,pa-dos,2026-09-06T15:28:01+00:00
2024,PA,2024-08-01,96,0,0,985314,0,,0,0,0,,0,1,pa-dos,2026-09-06T15:28:01+00:00
2024,PA,2024-08-02,95,0,0,990262,0,,0,0,0,,0,1,pa-dos,2026-09-06T15:28:01+00:00
2024,PA,2024-08-03,94,0,0,990589,0,,0,0,0,,0,1,pa-dos,2026-09-06T15:28:01+00:00
2024,PA,2024-08-04,93,0,0,990952,0,,0,0,0,,0,1,pa-dos,2026-09-06T15:28:01+00:00
2024,PA,2024-08-05,92,0,0,998587,0,,0,0,0,,0,1,pa-dos,2026-09-06T15:28:01+00:00
2024,PA,2024-08-06,91,0,0,1005052,0,,0,0,0,,0,1,pa-dos,2026-09-06T15:28:01+00:00
2024,PA,2024-08-07,90,0,0,1012727,0,,0,0,0,,0,1,pa-dos,2026-09-06T15:28:01+00:00
2024,PA,2024-08-08,89,0,0,1019346,0,,0,0,0,,0,1,pa-dos,2026-09-06T15:28:01+00:00
2024,PA,2024-08-09,88,0,0,1073042,0,,0,0,0,,0,1,pa-dos,2026-09-06T15:28:01+00:00
2024,PA,2024-08-10,87,0,0,1073194,0,,0,0,0,,0,1,pa-dos,2026-09-06T15:28:01+00:00
2024,PA,2024-08-11,86,0,0,1073709,0,,0,0,0,,0,1,pa-dos,2026-09-06T15:28:01+00:00
2024,PA,2024-08-12,85,0,0,1081570,0,,0,0,0,,0,1,pa-dos,2026-09-06T15:28:01+00:00
2024,PA,2024-08-13,84,0,0,1087036,0,,0,0,0,,0,1,pa-dos,2026-09-06T15:28:01+00:00
2024,PA,2024-08-14,83,0,0,1091818,0,,0,0,0,,0,1,pa-dos,2026-09-06T15:28:01+00:00
2024,PA,2024-08-15,82,0,0,1097628,0,,0,0,0,,0,1,pa-dos,2026-09-06T15:28:01+00:00
2024,PA,2024-08-16,81,0,0,1102422,0,,0,0,0,,0,1,pa-dos,2026-09-06T15:28:01+00:00
2024,PA,2024-08-17,80,0,0,1103186,0,,0,0,0,,0,1,pa-dos,2026-09-06T15:28:01+00:00
2024,PA,2024-08-18,79,0,0,1103401,0,,0,0,0,,0,1,pa-dos,2026-09-06T15:28:01+00:00
2024,PA,2024-08-19,78,0,0,1110876,0,,0,0,0,,0,1,pa-dos,2026-09-06T15:28:01+00:00
2024,PA,2024-08-20,77,0,0,1117758,0,,0,0,0,,0,1,pa-dos,2026-09-06T15:28:01+00:00
2024,PA,2024-08-21,76,0,0,1124029,0,,0,0,0,,0,1,pa-dos,2026-09-06T15:28:01+00:00
2024,PA,2024-08-22,75,0,0,1131455,0,,0,0,0,,0,1,pa-dos,2026-09-06T15:28:01+00:00
2024,PA,2024-08-23,74,0,0,1137567,0,,0,0,0,,0,1,pa-dos,2026-09-06T15:28:01+00:00
2024,PA,2024-08-24,73,0,0,1137881,0,,0,0,0,,0,1,pa-dos,2026-09-06T15:28:01+00:00
2024,PA,2024-08-25,72,0,0,1138224,0,,0,0,0,,0,1,pa-dos,2026-09-06T15:28:01+00:00
2024,PA,2024-08-26,71,0,0,1147251,0,,0,0,0,,0,1,pa-dos,2026-09-06T15:28:01+00:00
2024,PA,2024-08-27,70,0,0,1157329,0,,0,0,0,,0,1,pa-dos,2026-09-06T15:28:01+00:00
2024,PA,2024-08-28,69,1,1,1167287,1,,1,0,0,,0,1,pa-dos,2026-09-06T15:28:01+00:00
2024,PA,2024-08-29,68,1,0,1176738,1,,1,0,0,,0,1,pa-dos,2026-09-06T15:28:01+00:00
2024,PA,2024-08-30,67,1,0,1182972,1,,1,0,0,,0,1,pa-dos,2026-09-06T15:28:01+00:00
2024,PA,2024-08-31,66,1,0,1184219,1,,1,0,0,,0,1,pa-dos,2026-09-06T15:28:01+00:00
2024,PA,2024-09-01,65,2,1,1184547,2,,2,0,0,,0,1,pa-dos,2026-09-06T15:28:01+00:00
2024,PA,2024-09-02,64,2,0,1185643,2,,2,0,0,,0,1,pa-dos,2026-09-06T15:28:01+00:00
2024,PA,2024-09-03,63,8,6,1195694,8,,3,4,1,,0,1,pa-dos,2026-09-06T15:28:01+00:00
2024,PA,2024-09-04,62,13,5,1204291,13,,8,4,1,,0,1,pa-dos,2026-09-06T15:28:01+00:00
2024,PA,2024-09-05,61,20,7,1213884,20,,14,5,1,,0,1,pa-dos,2026-09-06T15:28:01+00:00
2024,PA,2024-09-06,60,21,1,1222974,21,,14,6,1,,0,1,pa-dos,2026-09-06T15:28:01+00:00
2024,PA,2024-09-07,59,21,0,1224834,21,,14,6,1,,0,1,pa-dos,2026-09-06T15:28:01+00:00
2024,PA,2024-09-08,58,21,0,1226147,21,,14,6,1,,0,1,pa-dos,2026-09-06T15:28:01+00:00
2024,PA,2024-09-09,57,42,21,1238357,42,,24,16,2,,0,1,pa-dos,2026-09-06T15:28:01+00:00
2024,PA,2024-09-10,56,43,1,1250355,43,,25,16,2,,0,1,pa-dos,2026-09-06T15:28:01+00:00
2024,PA,2024-09-11,55,45,2,1261891,45,,25,17,3,,0,1,pa-dos,2026-09-06T15:28:01+00:00
2024,PA,2024-09-12,54,58,13,1275266,58,,35,19,4,,0,1,pa-dos,2026-09-06T15:28:01+00:00
2024,PA,2024-09-13,53,66,8,1288227,66,,38,23,5,,0,1,pa-dos,2026-09-06T15:28:01+00:00
2024,PA,2024-09-14,52,66,0,1291749,66,,38,23,5,,0,1,pa-dos,2026-09-06T15:28:01+00:00
2024,PA,2024-09-15,51,66,0,1294320,66,,38,23,5,,0,1,pa-dos,2026-09-06T15:28:01+00:00
2024,PA,2024-09-16,50,97,31,1309771,97,,52,33,12,,0,1,pa-dos,2026-09-06T15:28:01+00:00
2024,PA,2024-09-17,49,105,8,1323976,105,,58,35,12,,0,1,pa-dos,2026-09-06T15:28:01+00:00
2024,PA,2024-09-18,48,125,20,1338624,125,,68,44,13,,0,1,pa-dos,2026-09-06T15:28:01+00:00
2024,PA,2024-09-19,47,140,15,1351923,140,,75,51,14,,0,1,pa-dos,2026-09-06T15:28:01+00:00
2024,PA,2024-09-20,46,166,26,1364874,166,,85,65,16,,0,1,pa-dos,2026-09-06T15:28:01+00:00
2024,PA,2024-09-21,45,166,0,1369885,166,,85,65,16,,0,1,pa-dos,2026-09-06T15:28:01+00:00
2024,PA,2024-09-22,44,166,0,1371910,166,,85,65,16,,0,1,pa-dos,2026-09-06T15:28:01+00:00
2024,PA,2024-09-23,43,493,327,1388382,493,,247,199,47,,0,1,pa-dos,2026-09-06T15:28:01+00:00
2024,PA,2024-09-24,42,632,139,1403534,632,,307,262,63,,0,1,pa-dos,2026-09-06T15:28:01+00:00
2024,PA,2024-09-25,41,996,364,1420514,996,,469,426,101,,0,1,pa-dos,2026-09-06T15:28:01+00:00
2024,PA,2024-09-26,40,1375,379,1435707,1375,,660,582,133,,0,1,pa-dos,2026-09-06T15:28:01+00:00
2024,PA,2024-09-27,39,2072,697,1451273,2072,,1071,815,186,,0,1,pa-dos,2026-09-06T15:28:01+00:00
2024,PA,2024-09-28,38,3305,1233,1459212,3305,,2153,876,276,,0,1,pa-dos,2026-09-06T15:28:01+00:00
2024,PA,2024-09-29,37,3637,332,1463069,3637,,2459,884,294,,0,1,pa-dos,2026-09-06T15:28:01+00:00
2024,PA,2024-09-30,36,22810,19173,1479043,22810,,16656,4337,1817,,0,1,pa-dos,2026-09-06T15:28:01+00:00
2024,PA,2024-10-01,35,33700,10890,1498082,33700,,24839,6199,2662,,0,1,pa-dos,2026-09-06T15:28:01+00:00
2024,PA,2024-10-02,34,57264,23564,1517968,57264,,41929,10722,4613,,0,1,pa-dos,2026-09-06T15:28:01+00:00
2024,PA,2024-10-03,33,89243,31979,1537783,89243,,64866,17271,7106,,0,1,pa-dos,2026-09-06T15:28:01+00:00
2024,PA,2024-10-04,32,126117,36874,1555781,126117,,91652,24491,9974,,0,1,pa-dos,2026-09-06T15:28:01+00:00
2024,PA,2024-10-05,31,131017,4900,1563704,131017,,95484,25180,10353,,0,1,pa-dos,2026-09-06T15:28:01+00:00
2024,PA,2024-10-06,30,136366,5349,1567746,136366,,99713,25883,10770,,0,1,pa-dos,2026-09-06T15:28:01+00:00
2024,PA,2024-10-07,29,219768,83402,1588695,219768,,157104,44514,18150,,0,1,pa-dos,2026-09-06T15:28:01+00:00
2024,PA,2024-10-08,28,266492,46724,1609190,266492,,187453,56683,22356,,0,1,pa-dos,2026-09-06T15:28:01+00:00
2024,PA,2024-10-09,27,347625,81133,1632738,347625,,240468,77297,29860,,0,1,pa-dos,2026-09-06T15:28:01+00:00
2024,PA,2024-10-10,26,418039,70414,1659538,418039,,285198,96259,36582,,0,1,pa-dos,2026-09-06T15:28:01+00:00
2024,PA,2024-10-11,25,487097,69058,1683458,487097,,327549,116338,43210,,0,1,pa-dos,2026-09-06T15:28:01+00:00
2024,PA,2024-10-12,24,497529,10432,1697407,497529,,334411,118755,44363,,0,1,pa-dos,2026-09-06T15:28:01+00:00
2024,PA,2024-10-13,23,500336,2807,1705327,500336,,336362,119367,44607,,0,1,pa-dos,2026-09-06T15:28:01+00:00
2024,PA,2024-10-14,22,536147,35811,1730390,536147,,357800,130222,48125,,0,1,pa-dos,2026-09-06T15:28:01+00:00
2024,PA,2024-10-15,21,635685,99538,1761375,635685,,417668,159925,58092,,0,1,pa-dos,2026-09-06T15:28:01+00:00
2024,PA,2024-10-16,20,695899,60214,1790649,695899,,450929,180894,64076,,0,1,pa-dos,2026-09-06T15:28:01+00:00
2024,PA,2024-10-17,19,798235,102336,1819854,798235,,507957,215352,74926,,0,1,pa-dos,2026-09-06T15:28:01+00:00
2024,PA,2024-10-18,18,894251,96016,1846113,894251,,561153,247785,85313,,0,1,pa-dos,2026-09-06T15:28:01+00:00
2024,PA,2024-10-19,17,917851,23600,1864731,917851,,576005,254006,87840,,0,1,pa-dos,2026-09-06T15:28:01+00:00
2024,PA,2024-10-20,16,922751,4900,1877435,922751,,578821,255565,88365,,0,1,pa-dos,2026-09-06T15:28:01+00:00
2024,PA,2024-10-21,15,1054165,131414,1905635,1054165,,648156,302774,103235,,0,1,pa-dos,2026-09-06T15:28:01+00:00
2024,PA,2024-10-22,14,1126896,72731,1940579,1126896,,683843,330725,112328,,0,1,pa-dos,2026-09-06T15:28:01+00:00
2024,PA,2024-10-23,13,1210241,83345,1982937,1210241,,724835,362811,122595,,0,1,pa-dos,2026-09-06T15:28:01+00:00
2024,PA,2024-10-24,12,1288331,78090,2022438,1288331,,762017,393830,132484,,0,1,pa-dos,2026-09-06T15:28:01+00:00
2024,PA,2024-10-25,11,1343860,55529,2066372,1343860,,787720,416539,139601,,0,1,pa-dos,2026-09-06T15:28:01+00:00
2024,PA,2024-10-26,10,1383998,40138,2098470,1383998,,807557,431393,145048,,0,1,pa-dos,2026-09-06T15:28:01+00:00
2024,PA,2024-10-27,9,1397135,13137,2121080,1397135,,814020,436498,146617,,0,1,pa-dos,2026-09-06T15:28:01+00:00
2024,PA,2024-10-28,8,1475329,78194,2172860,1475329,,847756,469878,157695,,0,1,pa-dos,2026-09-06T15:28:01+00:00
2024,PA,2024-10-29,7,1554318,78989,2234238,1554318,,881445,504200,168673,,0,1,pa-dos,2026-09-06T15:28:01+00:00
2024,PA,2024-10-30,6,1628662,74344,2237358,1628662,,916716,532042,179904,,0,1,pa-dos,2026-09-06T15:28:01+00:00
2024,PA,2024-10-31,5,1686023,57361,2238745,1686023,,943803,552826,189394,,0,1,pa-dos,2026-09-06T15:28:01+00:00
2024,PA,2024-11-01,4,1744473,58450,2239646,1744473,,971514,573859,199100,,0,1,pa-dos,2026-09-06T15:28:01+00:00
2024,PA,2024-11-02,3,1777160,32687,2239815,1777160,,987711,584697,204752,,0,1,pa-dos,2026-09-06T15:28:01+00:00
2024,PA,2024-11-03,2,1789624,12464,2239962,1789624,,994574,588188,206862,,0,1,pa-dos,2026-09-06T15:28:01+00:00
2024,PA,2024-11-04,1,1876980,87356,2241076,1876980,,1034932,618492,223556,,0,1,pa-dos,2026-09-06T15:28:01+00:00
2024,PA,2024-11-05,0,1960226,83246,2241981,1960226,,1077935,641651,240640,,0,1,pa-dos,2026-09-06T15:28:01+00:00
2024,SC,2024-09-24,42,534,,8731,534,,,,,,0,1,sc-sec,2026-09-06T15:28:42+00:00
2024,SC,2024-09-25,41,878,,8916,878,,,,,,0,1,sc-sec,2026-09-06T15:28:42+00:00
2024,SC,2024-09-26,40,1004,,9270,1004,,,,,,0,1,sc-sec,2026-09-06T15:28:42+00:00
2024,SC,2024-10-01,35,1389,,10206,1389,,,,,,0,1,sc-sec,2026-09-06T15:28:42+00:00
2024,SC,2024-10-02,34,1490,,11949,1490,,,,,,0,1,sc-sec,2026-09-06T15:28:42+00:00
2024,SC,2024-10-03,33,1556,,13459,1556,,,,,,0,1,sc-sec,2026-09-06T15:28:42+00:00
2024,SC,2024-10-04,32,1947,,33898,1947,,,,,,0,1,sc-sec,2026-09-06T15:28:42+00:00
2024,SC,2024-10-09,27,3735,,65288,3735,,,,,,0,1,sc-sec,2026-09-06T15:28:42+00:00
2024,SC,2024-10-10,26,5417,,71936,5417,,,,,,0,1,sc-sec,2026-09-06T15:28:42+00:00
2024,SC,2024-10-11,25,7351,,76644,7351,,,,,,0,1,sc-sec,2026-09-06T15:28:42+00:00
2024,SC,2024-10-14,22,9164,,84205,9164,,,,,,0,1,sc-sec,2026-09-06T15:28:42+00:00
2024,SC,2024-10-15,21,10021,,84875,10021,,,,,,0,1,sc-sec,2026-09-06T15:28:42+00:00
2024,SC,2024-10-16,20,19085,,88943,19085,,,,,,0,1,sc-sec,2026-09-06T15:28:42+00:00
2024,SC,2024-10-17,19,22073,,91584,22073,,,,,,0,1,sc-sec,2026-09-06T15:28:42+00:00
2024,SC,2024-10-18,18,29533,,94755,29533,,,,,,0,1,sc-sec,2026-09-06T15:28:42+00:00
2024,SC,2024-10-21,15,163902,,97971,37176,126726,,,,,0,1,sc-sec,2026-09-06T15:28:42+00:00
2024,SC,2024-10-22,14,302079,,101198,47520,254559,,,,,0,1,sc-sec,2026-09-06T15:28:42+00:00
2024,SC,2024-10-23,13,436026,,103912,52479,383547,,,,,0,1,sc-sec,2026-09-06T15:28:42+00:00
2024,SC,2024-10-24,12,569553,,106919,58187,511366,,,,,0,1,sc-sec,2026-09-06T15:28:42+00:00
2024,SC,2024-10-25,11,710051,,110913,64132,645919,,,,,0,1,sc-sec,2026-09-06T15:28:42+00:00
2024,SC,2024-10-26,10,806337,,115232,70214,736123,,,,,0,1,sc-sec,2026-09-06T15:28:42+00:00
2024,SC,2024-10-27,9,808705,,115529,72582,736123,,,,,0,1,sc-sec,2026-09-06T15:28:42+00:00
2024,SC,2024-10-28,8,939303,,116254,72852,866451,,,,,0,1,sc-sec,2026-09-06T15:28:42+00:00
2024,SC,2024-10-29,7,1069169,,116941,79144,990025,,,,,0,1,sc-sec,2026-09-06T15:28:42+00:00
2024,SC,2024-10-30,6,1190896,,117271,83538,1107358,,,,,0,1,sc-sec,2026-09-06T15:28:42+00:00
2024,SC,2024-10-31,5,1306145,,117440,88501,1217644,,,,,0,1,sc-sec,2026-09-06T15:28:42+00:00
2024,SC,2024-11-01,4,1444709,,117596,92356,1352353,,,,,0,1,sc-sec,2026-09-06T15:28:42+00:00
2024,SC,2024-11-02,3,1568249,,117735,96586,1471663,,,,,0,1,sc-sec,2026-09-06T15:28:42+00:00
2024,SC,2024-11-03,2,1570816,,117829,99153,1471663,,,,,0,1,sc-sec,2026-09-06T15:28:42+00:00
2024,SC,2024-11-04,1,1574607,,117981,102944,1471663,,,,,0,1,sc-sec,2026-09-06T15:28:42+00:00
2024,SC,2024-11-05,0,1579112,,118248,107449,1471663,,,,,0,1,sc-sec,2026-09-06T15:28:42+00:00
2024,SD,2024-10-25,11,141554,,150595,141554,,18498,77517,,45539,0,3,uf-election-lab,2026-09-06T15:29:14+00:00
2024,TN,2024-10-16,20,215936,215936,,40038,175898,,,,,0,1,tn-sos,2026-09-06T15:29:12+00:00
2024,TN,2024-10-17,19,386000,170064,,44078,341922,,,,,0,1,tn-sos,2026-09-06T15:29:12+00:00
2024,TN,2024-10-18,18,558391,172391,,46749,511642,,,,,0,1,tn-sos,2026-09-06T15:29:12+00:00
2024,TN,2024-10-19,17,654223,95832,,48125,606098,,,,,0,1,tn-sos,2026-09-06T15:29:12+00:00
2024,TN,2024-10-21,15,820564,166341,,51662,768902,,,,,0,1,tn-sos,2026-09-06T15:29:12+00:00
2024,TN,2024-10-22,14,988462,167898,,55464,932998,,,,,0,1,tn-sos,2026-09-06T15:29:12+00:00
2024,TN,2024-10-23,13,1143192,154730,,58928,1084264,,,,,0,1,tn-sos,2026-09-06T15:29:12+00:00
2024,TN,2024-10-24,12,1292095,148903,,61907,1230188,,,,,0,1,tn-sos,2026-09-06T15:29:12+00:00
2024,TN,2024-10-25,11,1450599,158504,,64981,1385618,,,,,0,1,tn-sos,2026-09-06T15:29:12+00:00
2024,TN,2024-10-26,10,1555231,104632,,67328,1487903,,,,,0,1,tn-sos,2026-09-06T15:29:12+00:00
2024,TN,2024-10-28,8,1712441,157210,,70834,1641604,,,,,0,1,tn-sos,2026-09-06T15:29:12+00:00
2024,TN,2024-10-29,7,1875293,162852,,74134,1801154,,,,,0,1,tn-sos,2026-09-06T15:29:12+00:00
2024,TN,2024-10-30,6,2037440,162147,,78541,1958894,,,,,0,1,tn-sos,2026-09-06T15:29:12+00:00
2024,TN,2024-10-31,5,2214870,177430,,82253,2132610,,,,,0,1,tn-sos,2026-09-06T15:29:12+00:00
2024,TX,2024-09-29,37,1596,,,1584,12,,,,,0,1,tx-sos,2026-09-06T15:29:01+00:00
2024,TX,2024-09-30,36,4215,,,4200,15,,,,,0,1,tx-sos,2026-09-06T15:29:01+00:00
2024,TX,2024-10-01,35,5727,,,5706,21,,,,,0,1,tx-sos,2026-09-06T15:29:01+00:00
2024,TX,2024-10-02,34,9245,,,9223,22,,,,,0,1,tx-sos,2026-09-06T15:29:01+00:00
2024,TX,2024-10-03,33,13159,,,13137,22,,,,,0,1,tx-sos,2026-09-06T15:29:01+00:00
2024,TX,2024-10-04,32,18016,,,17994,22,,,,,0,1,tx-sos,2026-09-06T15:29:01+00:00
2024,TX,2024-10-05,31,19432,,,19410,22,,,,,0,1,tx-sos,2026-09-06T15:29:01+00:00
2024,TX,2024-10-06,30,19544,,,19522,22,,,,,0,1,tx-sos,2026-09-06T15:29:01+00:00
2024,TX,2024-10-07,29,28932,,,28910,22,,,,,0,1,tx-sos,2026-09-06T15:29:01+00:00
2024,TX,2024-10-08,28,39157,,,39135,22,,,,,0,1,tx-sos,2026-09-06T15:29:01+00:00
2024,TX,2024-10-09,27,47003,,,46981,22,,,,,0,1,tx-sos,2026-09-06T15:29:01+00:00
2024,TX,2024-10-10,26,61940,,,61918,22,,,,,0,1,tx-sos,2026-09-06T15:29:01+00:00
2024,TX,2024-10-11,25,73909,,,73887,22,,,,,0,1,tx-sos,2026-09-06T15:29:01+00:00
2024,TX,2024-10-12,24,78915,,,78893,22,,,,,0,1,tx-sos,2026-09-06T15:29:01+00:00
2024,TX,2024-10-13,23,79614,,,79592,22,,,,,0,1,tx-sos,2026-09-06T15:29:01+00:00
2024,TX,2024-10-14,22,86762,,,86740,22,,,,,0,1,tx-sos,2026-09-06T15:29:01+00:00
2024,TX,2024-10-15,21,102549,,,102527,22,,,,,0,1,tx-sos,2026-09-06T15:29:01+00:00
2024,TX,2024-10-16,20,119544,,,119522,22,,,,,0,1,tx-sos,2026-09-06T15:29:01+00:00
2024,TX,2024-10-17,19,136201,,,136179,22,,,,,0,1,tx-sos,2026-09-06T15:29:01+00:00
2024,TX,2024-10-18,18,152327,,,152305,22,,,,,0,1,tx-sos,2026-09-06T15:29:01+00:00
2024,TX,2024-10-19,17,160730,,,160708,22,,,,,0,1,tx-sos,2026-09-06T15:29:01+00:00
2024,TX,2024-10-20,16,161982,,,161958,24,,,,,0,1,tx-sos,2026-09-06T15:29:01+00:00
2024,TX,2024-10-21,15,1112044,,,184522,927522,,,,,0,1,tx-sos,2026-09-06T15:29:01+00:00
2024,TX,2024-10-22,14,1996043,,,199045,1796998,,,,,0,1,tx-sos,2026-09-06T15:29:01+00:00
2024,TX,2024-10-23,13,2850176,,,219818,2630358,,,,,0,1,tx-sos,2026-09-06T15:29:01+00:00
2024,TX,2024-10-24,12,3644731,,,235797,3408934,,,,,0,1,tx-sos,2026-09-06T15:29:01+00:00
2024,TX,2024-10-25,11,4507733,,,252064,4255669,,,,,0,1,tx-sos,2026-09-06T15:29:01+00:00
2024,TX,2024-10-26,10,5156750,,,264187,4892563,,,,,0,1,tx-sos,2026-09-06T15:29:01+00:00
2024,TX,2024-10-27,9,5479281,,,267547,5211734,,,,,0,1,tx-sos,2026-09-06T15:29:01+00:00
2024,TX,2024-10-28,8,6228042,,,281376,5946666,,,,,0,1,tx-sos,2026-09-06T15:29:01+00:00
2024,TX,2024-10-29,7,6912655,,,295974,6616681,,,,,0,1,tx-sos,2026-09-06T15:29:01+00:00
2024,TX,2024-10-30,6,7552471,,,312488,7239983,,,,,0,1,tx-sos,2026-09-06T15:29:01+00:00
2024,TX,2024-10-31,5,8158109,,,326716,7831393,,,,,0,1,tx-sos,2026-09-06T15:29:01+00:00
2024,TX,2024-11-01,4,9058436,,,342501,8715935,,,,,0,1,tx-sos,2026-09-06T15:29:01+00:00
2024,VA,2024-11-05,0,2376938,,575846,518217,1858721,,,,,0,1,va-elect,2026-09-06T15:28:50+00:00
2024,WA,2024-11-04,1,2754974,,5003149,2754974,,,,,,0,3,uf-election-lab,2026-09-06T15:54:08+00:00
2024,WI,2024-10-02,34,99283,,451605,,,,,,,0,1,wi-wec,2026-09-06T15:28:56+00:00
2024,WI,2024-10-03,33,116452,,459048,,,,,,,0,1,wi-wec,2026-09-06T15:28:56+00:00
2024,WI,2024-10-04,32,130636,,467047,,,,,,,0,1,wi-wec,2026-09-06T15:28:56+00:00
2024,WI,2024-10-05,31,141886,,473458,,,,,,,0,1,wi-wec,2026-09-06T15:28:56+00:00
2024,WI,2024-10-06,30,142464,,473908,,,,,,,0,1,wi-wec,2026-09-06T15:28:56+00:00
2024,WI,2024-10-07,29,143115,,474636,,,,,,,0,1,wi-wec,2026-09-06T15:28:56+00:00
2024,WI,2024-10-08,28,168463,,491226,,,,,,,0,1,wi-wec,2026-09-06T15:28:56+00:00
2024,WI,2024-10-10,26,199206,,515514,,,,,,,0,1,wi-wec,2026-09-06T15:28:56+00:00
2024,WI,2024-10-11,25,212518,,524732,,,,,,,0,1,wi-wec,2026-09-06T15:28:56+00:00
2024,WI,2024-10-12,24,225486,,532808,,,,,,,0,1,wi-wec,2026-09-06T15:28:56+00:00
2024,WI,2024-10-13,23,226020,,533391,,,,,,,0,1,wi-wec,2026-09-06T15:28:56+00:00
2024,WI,2024-10-14,22,226859,,534761,,,,,,,0,1,wi-wec,2026-09-06T15:28:56+00:00
2024,WI,2024-10-15,21,239997,,552326,,,,,,,0,1,wi-wec,2026-09-06T15:28:56+00:00
2024,WI,2024-10-16,20,267524,,564095,,,,,,,0,1,wi-wec,2026-09-06T15:28:56+00:00
2024,WI,2024-10-17,19,283123,,576787,,,,,,,0,1,wi-wec,2026-09-06T15:28:56+00:00
2024,WI,2024-10-18,18,305344,,586616,,,,,,,0,1,wi-wec,2026-09-06T15:28:56+00:00
2024,WI,2024-10-19,17,323421,,592537,323420,1,,,,,0,1,wi-wec,2026-09-06T15:28:56+00:00
2024,WI,2024-10-20,16,324999,,592976,324998,1,,,,,0,1,wi-wec,2026-09-06T15:28:56+00:00
2024,WI,2024-10-21,15,326124,,593771,326123,1,,,,,0,1,wi-wec,2026-09-06T15:28:56+00:00
2024,WI,2024-10-22,14,360372,,605861,360008,364,,,,,0,1,wi-wec,2026-09-06T15:28:56+00:00
2024,WI,2024-10-23,13,475460,,709832,378024,97436,,,,,0,1,wi-wec,2026-09-06T15:28:56+00:00
2024,WI,2024-10-24,12,592902,,810626,401033,191869,,,,,0,1,wi-wec,2026-09-06T15:28:56+00:00
2024,WI,2024-10-25,11,715395,,916759,422693,292702,,,,,0,1,wi-wec,2026-09-06T15:28:56+00:00
2024,WI,2024-10-28,8,858166,,1040395,446144,412022,,,,,0,1,wi-wec,2026-09-06T15:28:56+00:00
2024,WI,2024-10-30,6,1109037,,1247460,499576,609461,,,,,0,1,wi-wec,2026-09-06T15:28:56+00:00
2024,WI,2024-11-05,0,1540288,,1599024,584382,955906,,,,,0,1,wi-wec,2026-09-06T15:28:56+00:00
2024,WI,2024-11-06,-1,1556957,,1600706,599550,957407,,,,,0,1,wi-wec,2026-09-06T15:28:56+00:00
2024,WI,2024-11-07,-2,1558257,,1600788,600790,957467,,,,,0,1,wi-wec,2026-09-06T15:28:56+00:00
2026,FL,2026-09-05,59,0,,1,0,0,0,0,0,0,0,1,fl-doe,2026-09-06T02:16:23+00:00
2026,FL,2026-09-06,58,0,,1,0,0,0,0,0,0,0,1,fl-doe,2026-09-06T16:10:30+00:00
2026,IL,2026-09-06,58,0,,947926,0,0,,,,,0,1,il-sbe,2026-09-06T16:11:32+00:00
2026,NC,2026-09-04,60,8,8,,8,0,5,1,0,2,0,1,nc-sbe,2026-09-06T16:10:28+00:00
2026,NC,2026-09-05,59,8,0,,8,0,5,1,0,2,0,1,nc-sbe,2026-09-06T16:10:28+00:00
2026,NC,2026-09-06,58,8,0,,8,0,5,1,0,2,0,1,nc-sbe,2026-09-06T16:10:28+00:00
