cycle,state,date,days_to_election,est_dem_share,est_rep_share,est_margin,est_dem_lo,est_dem_hi,est_margin_lo,est_margin_hi,method,confidence,counties_used,counties_total,coverage_share,coverage_electorate,ballots_used,baseline_dem_share,lean_vs_baseline,geo_dem_share,mail_adjustment,mail_share,mail_reach,measured_fraction,modelled_fraction,estimate_basis,state_has_party_reg,source_name,retrieved_at
2022,OH,2022-11-08,0,0.5013,0.4987,0.0027,0.4513,0.5513,-0.0973,0.1027,pres2024-2party-county-weighted+mail-selection,medium,88,88,1.0000,1.0000,1473983,0.4434,0.0012,0.4446,0.0567,0.6268,0.2215,0.0000,1.0000,model,false,electindex-estimate/pres2024-county-returns,2026-09-07T20:17:50+00:00
2022,SC,2022-10-07,32,0.6422,0.3578,0.2844,0.4922,0.7922,-0.0156,0.5844,pres2024-2party-county-weighted+mail-selection,low,46,46,1.0000,1.0000,480,0.4094,0.0328,0.4422,0.2000,1.0000,0.0003,0.0000,1.0000,model,false,electindex-estimate/pres2024-county-returns,2026-09-06T22:20:04+00:00
2022,SC,2022-10-10,29,0.6401,0.3599,0.2803,0.4901,0.7901,-0.0197,0.5803,pres2024-2party-county-weighted+mail-selection,low,46,46,1.0000,1.0000,540,0.4094,0.0307,0.4401,0.2000,1.0000,0.0003,0.0000,1.0000,model,false,electindex-estimate/pres2024-county-returns,2026-09-06T22:20:04+00:00
2022,SC,2022-10-14,25,0.6245,0.3755,0.2489,0.4745,0.7745,-0.0511,0.5489,pres2024-2party-county-weighted+mail-selection,low,46,46,1.0000,1.0000,696,0.4094,0.0151,0.4245,0.2000,1.0000,0.0004,0.0000,1.0000,model,false,electindex-estimate/pres2024-county-returns,2026-09-06T22:20:04+00:00
2022,SC,2022-10-17,22,0.6123,0.3877,0.2246,0.4623,0.7623,-0.0754,0.5246,pres2024-2party-county-weighted+mail-selection,low,46,46,1.0000,1.0000,4661,0.4094,0.0029,0.4123,0.2000,1.0000,0.0025,0.0000,1.0000,model,false,electindex-estimate/pres2024-county-returns,2026-09-06T22:20:04+00:00
2022,SC,2022-10-18,21,0.6079,0.3921,0.2158,0.4579,0.7579,-0.0842,0.5158,pres2024-2party-county-weighted+mail-selection,low,46,46,1.0000,1.0000,8501,0.4094,-0.0015,0.4079,0.2000,1.0000,0.0046,0.0000,1.0000,model,false,electindex-estimate/pres2024-county-returns,2026-09-06T22:20:04+00:00
2022,SC,2022-10-19,20,0.6246,0.3754,0.2492,0.4746,0.7746,-0.0508,0.5492,pres2024-2party-county-weighted+mail-selection,low,46,46,1.0000,1.0000,11011,0.4094,0.0152,0.4246,0.2000,1.0000,0.0060,0.0000,1.0000,model,false,electindex-estimate/pres2024-county-returns,2026-09-06T22:20:04+00:00
2022,SC,2022-10-20,19,0.6324,0.3676,0.2649,0.4824,0.7824,-0.0351,0.5649,pres2024-2party-county-weighted+mail-selection,low,46,46,1.0000,1.0000,14612,0.4094,0.0231,0.4324,0.2000,1.0000,0.0080,0.0000,1.0000,model,false,electindex-estimate/pres2024-county-returns,2026-09-06T22:20:04+00:00
2022,SC,2022-10-21,18,0.6326,0.3674,0.2653,0.4826,0.7826,-0.0347,0.5653,pres2024-2party-county-weighted+mail-selection,low,46,46,1.0000,1.0000,16975,0.4094,0.0233,0.4326,0.2000,1.0000,0.0093,0.0000,1.0000,model,false,electindex-estimate/pres2024-county-returns,2026-09-06T22:20:04+00:00
2022,TN,2022-10-19,20,0.3370,0.6630,-0.3260,0.2870,0.3870,-0.4260,-0.2260,pres2024-2party-county-weighted+mail-selection,medium,95,95,1.0000,1.0000,59178,0.3494,-0.0124,0.3370,,,,0.0000,1.0000,model,false,electindex-estimate/pres2024-county-returns,2026-09-07T20:17:50+00:00
2022,TN,2022-10-20,19,0.3319,0.6681,-0.3363,0.2819,0.3819,-0.4363,-0.2363,pres2024-2party-county-weighted+mail-selection,medium,95,95,1.0000,1.0000,106718,0.3494,-0.0175,0.3319,,,,0.0000,1.0000,model,false,electindex-estimate/pres2024-county-returns,2026-09-07T20:17:50+00:00
2022,TN,2022-10-21,18,0.3302,0.6698,-0.3397,0.2802,0.3802,-0.4397,-0.2397,pres2024-2party-county-weighted+mail-selection,medium,95,95,1.0000,1.0000,157447,0.3494,-0.0192,0.3302,,,,0.0000,1.0000,model,false,electindex-estimate/pres2024-county-returns,2026-09-07T20:17:50+00:00
2022,TN,2022-10-22,17,0.3330,0.6670,-0.3340,0.2830,0.3830,-0.4340,-0.2340,pres2024-2party-county-weighted+mail-selection,medium,95,95,1.0000,1.0000,177677,0.3494,-0.0164,0.3330,,,,0.0000,1.0000,model,false,electindex-estimate/pres2024-county-returns,2026-09-07T20:17:50+00:00
2022,TN,2022-10-24,15,0.3337,0.6663,-0.3327,0.2837,0.3837,-0.4327,-0.2327,pres2024-2party-county-weighted+mail-selection,medium,95,95,1.0000,1.0000,234800,0.3494,-0.0157,0.3337,,,,0.0000,1.0000,model,false,electindex-estimate/pres2024-county-returns,2026-09-07T20:17:50+00:00
2022,TN,2022-10-25,14,0.3412,0.6588,-0.3176,0.2912,0.3912,-0.4176,-0.2176,pres2024-2party-county-weighted+mail-selection,medium,95,95,1.0000,1.0000,294221,0.3494,-0.0082,0.3412,,,,0.0000,1.0000,model,false,electindex-estimate/pres2024-county-returns,2026-09-07T20:17:50+00:00
2022,TN,2022-10-26,13,0.3464,0.6536,-0.3071,0.2964,0.3964,-0.4071,-0.2071,pres2024-2party-county-weighted+mail-selection,medium,95,95,1.0000,1.0000,357973,0.3494,-0.0029,0.3464,,,,0.0000,1.0000,model,false,electindex-estimate/pres2024-county-returns,2026-09-07T20:17:50+00:00
2022,TN,2022-10-27,12,0.3511,0.6489,-0.2978,0.3011,0.4011,-0.3978,-0.1978,pres2024-2party-county-weighted+mail-selection,medium,95,95,1.0000,1.0000,423151,0.3494,0.0017,0.3511,,,,0.0000,1.0000,model,false,electindex-estimate/pres2024-county-returns,2026-09-07T20:17:50+00:00
2022,TN,2022-10-28,11,0.3541,0.6459,-0.2918,0.3041,0.4041,-0.3918,-0.1918,pres2024-2party-county-weighted+mail-selection,medium,95,95,1.0000,1.0000,493972,0.3494,0.0047,0.3541,,,,0.0000,1.0000,model,false,electindex-estimate/pres2024-county-returns,2026-09-07T20:17:50+00:00
2022,TN,2022-10-29,10,0.3583,0.6417,-0.2835,0.3083,0.4083,-0.3835,-0.1835,pres2024-2party-county-weighted+mail-selection,medium,95,95,1.0000,1.0000,536792,0.3494,0.0089,0.3583,,,,0.0000,1.0000,model,false,electindex-estimate/pres2024-county-returns,2026-09-07T20:17:50+00:00
2022,TN,2022-10-31,8,0.3603,0.6397,-0.2793,0.3103,0.4103,-0.3793,-0.1793,pres2024-2party-county-weighted+mail-selection,medium,95,95,1.0000,1.0000,609758,0.3494,0.0109,0.3603,,,,0.0000,1.0000,model,false,electindex-estimate/pres2024-county-returns,2026-09-07T20:17:50+00:00
2022,TN,2022-11-01,7,0.3634,0.6366,-0.2732,0.3134,0.4134,-0.3732,-0.1732,pres2024-2party-county-weighted+mail-selection,medium,95,95,1.0000,1.0000,688001,0.3494,0.0140,0.3634,,,,0.0000,1.0000,model,false,electindex-estimate/pres2024-county-returns,2026-09-07T20:17:50+00:00
2022,TN,2022-11-02,6,0.3656,0.6344,-0.2688,0.3156,0.4156,-0.3688,-0.1688,pres2024-2party-county-weighted+mail-selection,medium,95,95,1.0000,1.0000,770986,0.3494,0.0162,0.3656,,,,0.0000,1.0000,model,false,electindex-estimate/pres2024-county-returns,2026-09-07T20:17:50+00:00
2022,TN,2022-11-03,5,0.3695,0.6305,-0.2609,0.3195,0.4195,-0.3609,-0.1609,pres2024-2party-county-weighted+mail-selection,medium,95,95,1.0000,1.0000,882310,0.3494,0.0201,0.3695,,,,0.0000,1.0000,model,false,electindex-estimate/pres2024-county-returns,2026-09-07T20:17:50+00:00
2022,TX,2022-10-02,37,0.4307,0.5693,-0.1386,0.2807,0.5807,-0.4386,0.1614,pres2024-2party-county-weighted+mail-selection,low,254,254,1.0000,1.0000,1499,0.4306,-0.1999,0.2307,0.2000,0.8732,0.0002,0.0000,1.0000,model,false,electindex-estimate/pres2024-county-returns,2026-09-06T22:20:04+00:00
2022,TX,2022-10-03,36,0.4678,0.5322,-0.0644,0.3178,0.6178,-0.3644,0.2356,pres2024-2party-county-weighted+mail-selection,low,254,254,1.0000,1.0000,3751,0.4306,-0.1628,0.2678,0.2000,0.9728,0.0004,0.0000,1.0000,model,false,electindex-estimate/pres2024-county-returns,2026-09-06T22:20:04+00:00
2022,TX,2022-10-04,35,0.4669,0.5331,-0.0662,0.3169,0.6169,-0.3662,0.2338,pres2024-2party-county-weighted+mail-selection,low,254,254,1.0000,1.0000,4846,0.4306,-0.1637,0.2669,0.2000,0.9790,0.0006,0.0000,1.0000,model,false,electindex-estimate/pres2024-county-returns,2026-09-06T22:20:04+00:00
2022,TX,2022-10-05,34,0.4801,0.5199,-0.0398,0.3301,0.6301,-0.3398,0.2602,pres2024-2party-county-weighted+mail-selection,low,254,254,1.0000,1.0000,7948,0.4306,-0.1505,0.2801,0.2000,0.9873,0.0010,0.0000,1.0000,model,false,electindex-estimate/pres2024-county-returns,2026-09-06T22:20:04+00:00
2022,TX,2022-10-06,33,0.4804,0.5196,-0.0392,0.3304,0.6304,-0.3392,0.2608,pres2024-2party-county-weighted+mail-selection,low,254,254,1.0000,1.0000,10573,0.4306,-0.1502,0.2804,0.2000,0.9904,0.0013,0.0000,1.0000,model,false,electindex-estimate/pres2024-county-returns,2026-09-06T22:20:04+00:00
2022,TX,2022-10-07,32,0.4983,0.5017,-0.0034,0.3483,0.6483,-0.3034,0.2966,pres2024-2party-county-weighted+mail-selection,low,254,254,1.0000,1.0000,14043,0.4306,-0.1323,0.2983,0.2000,0.9987,0.0017,0.0000,1.0000,model,false,electindex-estimate/pres2024-county-returns,2026-09-06T22:20:04+00:00
2022,TX,2022-10-08,31,0.4983,0.5017,-0.0035,0.3483,0.6483,-0.3035,0.2965,pres2024-2party-county-weighted+mail-selection,low,254,254,1.0000,1.0000,14192,0.4306,-0.1323,0.2983,0.2000,0.9987,0.0017,0.0000,1.0000,model,false,electindex-estimate/pres2024-county-returns,2026-09-06T22:20:04+00:00
2022,TX,2022-10-09,30,0.4982,0.5018,-0.0035,0.3482,0.6482,-0.3035,0.2965,pres2024-2party-county-weighted+mail-selection,low,254,254,1.0000,1.0000,14194,0.4306,-0.1324,0.2982,0.2000,0.9987,0.0017,0.0000,1.0000,model,false,electindex-estimate/pres2024-county-returns,2026-09-06T22:20:04+00:00
2022,TX,2022-10-10,29,0.4974,0.5026,-0.0052,0.3474,0.6474,-0.3052,0.2948,pres2024-2party-county-weighted+mail-selection,low,254,254,1.0000,1.0000,15428,0.4306,-0.1332,0.2974,0.2000,0.9911,0.0019,0.0000,1.0000,model,false,electindex-estimate/pres2024-county-returns,2026-09-06T22:20:04+00:00
2022,TX,2022-10-11,28,0.5237,0.4763,0.0474,0.3737,0.6737,-0.2526,0.3474,pres2024-2party-county-weighted+mail-selection,low,254,254,1.0000,1.0000,24452,0.4306,-0.1069,0.3237,0.2000,0.9944,0.0030,0.0000,1.0000,model,false,electindex-estimate/pres2024-county-returns,2026-09-06T22:20:04+00:00
2022,TX,2022-10-12,27,0.5431,0.4569,0.0862,0.3931,0.6931,-0.2138,0.3862,pres2024-2party-county-weighted+mail-selection,low,254,254,1.0000,1.0000,31086,0.4306,-0.0875,0.3431,0.2000,0.9956,0.0038,0.0000,1.0000,model,false,electindex-estimate/pres2024-county-returns,2026-09-06T22:20:04+00:00
2022,TX,2022-10-13,26,0.5624,0.4376,0.1248,0.4124,0.7124,-0.1752,0.4248,pres2024-2party-county-weighted+mail-selection,low,254,254,1.0000,1.0000,44243,0.4306,-0.0682,0.3624,0.2000,0.9969,0.0054,0.0000,1.0000,model,false,electindex-estimate/pres2024-county-returns,2026-09-06T22:20:04+00:00
2022,TX,2022-10-14,25,0.5782,0.4218,0.1564,0.5282,0.6282,0.0564,0.2564,pres2024-2party-county-weighted+mail-selection,medium,254,254,1.0000,1.0000,57716,0.4306,-0.0524,0.3782,0.2000,0.9977,0.0070,0.0000,1.0000,model,false,electindex-estimate/pres2024-county-returns,2026-09-07T20:17:50+00:00
2022,TX,2022-10-15,24,0.5809,0.4191,0.1617,0.5309,0.6309,0.0617,0.2617,pres2024-2party-county-weighted+mail-selection,medium,254,254,1.0000,1.0000,59717,0.4306,-0.0497,0.3809,0.2000,0.9977,0.0073,0.0000,1.0000,model,false,electindex-estimate/pres2024-county-returns,2026-09-07T20:17:50+00:00
2022,TX,2022-10-16,23,0.5797,0.4203,0.1594,0.5297,0.6297,0.0594,0.2594,pres2024-2party-county-weighted+mail-selection,medium,254,254,1.0000,1.0000,60143,0.4306,-0.0509,0.3797,0.2000,0.9978,0.0073,0.0000,1.0000,model,false,electindex-estimate/pres2024-county-returns,2026-09-07T20:17:50+00:00
2022,TX,2022-10-17,22,0.5835,0.4165,0.1671,0.5335,0.6335,0.0671,0.2671,pres2024-2party-county-weighted+mail-selection,medium,254,254,1.0000,1.0000,78190,0.4306,-0.0471,0.3835,0.2000,0.9983,0.0095,0.0000,1.0000,model,false,electindex-estimate/pres2024-county-returns,2026-09-07T20:17:50+00:00
2022,TX,2022-10-18,21,0.5909,0.4091,0.1819,0.5409,0.6409,0.0819,0.2819,pres2024-2party-county-weighted+mail-selection,medium,254,254,1.0000,1.0000,89992,0.4306,-0.0397,0.3909,0.2000,0.9985,0.0110,0.0000,1.0000,model,false,electindex-estimate/pres2024-county-returns,2026-09-07T20:17:50+00:00
2022,TX,2022-10-19,20,0.5947,0.4053,0.1894,0.5447,0.6447,0.0894,0.2894,pres2024-2party-county-weighted+mail-selection,medium,254,254,1.0000,1.0000,103445,0.4306,-0.0359,0.3947,0.2000,0.9987,0.0126,0.0000,1.0000,model,false,electindex-estimate/pres2024-county-returns,2026-09-07T20:17:50+00:00
2022,TX,2022-10-20,19,0.6041,0.3959,0.2082,0.5541,0.6541,0.1082,0.3082,pres2024-2party-county-weighted+mail-selection,medium,254,254,1.0000,1.0000,120675,0.4306,-0.0265,0.4041,0.2000,0.9989,0.0147,0.0000,1.0000,model,false,electindex-estimate/pres2024-county-returns,2026-09-07T20:17:50+00:00
2022,TX,2022-10-21,18,0.6074,0.3926,0.2148,0.5574,0.6574,0.1148,0.3148,pres2024-2party-county-weighted+mail-selection,medium,254,254,1.0000,1.0000,135408,0.4306,-0.0232,0.4074,0.2000,0.9989,0.0165,0.0000,1.0000,model,false,electindex-estimate/pres2024-county-returns,2026-09-07T20:17:50+00:00
2022,TX,2022-10-22,17,0.6261,0.3739,0.2522,0.5761,0.6761,0.1522,0.3522,pres2024-2party-county-weighted+mail-selection,medium,254,254,1.0000,1.0000,153841,0.4306,-0.0045,0.4261,0.2000,0.9990,0.0187,0.0000,1.0000,model,false,electindex-estimate/pres2024-county-returns,2026-09-07T20:17:50+00:00
2022,TX,2022-10-23,16,0.6261,0.3739,0.2521,0.5761,0.6761,0.1521,0.3521,pres2024-2party-county-weighted+mail-selection,medium,254,254,1.0000,1.0000,154206,0.4306,-0.0046,0.4261,0.2000,0.9990,0.0188,0.0000,1.0000,model,false,electindex-estimate/pres2024-county-returns,2026-09-07T20:17:50+00:00
2022,TX,2022-10-24,15,0.5166,0.4834,0.0331,0.4666,0.5666,-0.0669,0.1331,pres2024-2party-county-weighted+mail-selection,medium,254,254,1.0000,1.0000,647957,0.4306,-0.0036,0.4270,0.0895,0.2647,0.0209,0.0000,1.0000,model,false,electindex-estimate/pres2024-county-returns,2026-09-07T20:17:50+00:00
2022,TX,2022-10-25,14,0.4811,0.5189,-0.0377,0.4311,0.5311,-0.1377,0.0623,pres2024-2party-county-weighted+mail-selection,medium,254,254,1.0000,1.0000,1147219,0.4306,-0.0030,0.4276,0.0536,0.1597,0.0224,0.0000,1.0000,model,false,electindex-estimate/pres2024-county-returns,2026-09-07T20:17:50+00:00
2022,TX,2022-10-26,13,0.4704,0.5296,-0.0593,0.4204,0.5204,-0.1593,0.0407,pres2024-2party-county-weighted+mail-selection,medium,254,254,1.0000,1.0000,1617402,0.4306,-0.0016,0.4290,0.0413,0.1249,0.0246,0.0000,1.0000,model,false,electindex-estimate/pres2024-county-returns,2026-09-07T20:17:50+00:00
2022,TX,2022-10-27,12,0.4643,0.5357,-0.0714,0.4143,0.5143,-0.1714,0.0286,pres2024-2party-county-weighted+mail-selection,medium,254,254,1.0000,1.0000,2064995,0.4306,-0.0010,0.4296,0.0347,0.1062,0.0268,0.0000,1.0000,model,false,electindex-estimate/pres2024-county-returns,2026-09-07T20:17:50+00:00
2022,TX,2022-10-28,11,0.4603,0.5397,-0.0794,0.4103,0.5103,-0.1794,0.0206,pres2024-2party-county-weighted+mail-selection,medium,254,254,1.0000,1.0000,2515156,0.4306,-0.0009,0.4297,0.0306,0.0948,0.0291,0.0000,1.0000,model,false,electindex-estimate/pres2024-county-returns,2026-09-07T20:17:50+00:00
2022,TX,2022-10-29,10,0.4608,0.5392,-0.0784,0.4108,0.5108,-0.1784,0.0216,pres2024-2party-county-weighted+mail-selection,medium,254,254,1.0000,1.0000,2845953,0.4306,0.0021,0.4327,0.0281,0.0879,0.0305,0.0000,1.0000,model,false,electindex-estimate/pres2024-county-returns,2026-09-07T20:17:50+00:00
2022,TX,2022-10-30,9,0.4617,0.5383,-0.0765,0.4117,0.5117,-0.1765,0.0235,pres2024-2party-county-weighted+mail-selection,medium,254,254,1.0000,1.0000,2992421,0.4306,0.0041,0.4347,0.0271,0.0849,0.0310,0.0000,1.0000,model,false,electindex-estimate/pres2024-county-returns,2026-09-07T20:17:50+00:00
2022,TX,2022-10-31,8,0.4593,0.5407,-0.0814,0.4093,0.5093,-0.1814,0.0186,pres2024-2party-county-weighted+mail-selection,medium,254,254,1.0000,1.0000,3407723,0.4306,0.0039,0.4345,0.0248,0.0787,0.0327,0.0000,1.0000,model,false,electindex-estimate/pres2024-county-returns,2026-09-07T20:17:50+00:00
2022,TX,2022-11-01,7,0.4574,0.5426,-0.0853,0.4074,0.5074,-0.1853,0.0147,pres2024-2party-county-weighted+mail-selection,medium,254,254,1.0000,1.0000,3803294,0.4306,0.0040,0.4346,0.0228,0.0727,0.0337,0.0000,1.0000,model,false,electindex-estimate/pres2024-county-returns,2026-09-07T20:17:50+00:00
2022,TX,2022-11-02,6,0.4569,0.5431,-0.0862,0.4069,0.5069,-0.1862,0.0138,pres2024-2party-county-weighted+mail-selection,medium,254,254,1.0000,1.0000,4242737,0.4306,0.0050,0.4356,0.0213,0.0688,0.0356,0.0000,1.0000,model,false,electindex-estimate/pres2024-county-returns,2026-09-07T20:17:50+00:00
2022,TX,2022-11-03,5,0.4567,0.5433,-0.0865,0.4067,0.5067,-0.1865,0.0135,pres2024-2party-county-weighted+mail-selection,medium,254,254,1.0000,1.0000,4762628,0.4306,0.0065,0.4371,0.0196,0.0639,0.0371,0.0000,1.0000,model,false,electindex-estimate/pres2024-county-returns,2026-09-07T20:17:50+00:00
2022,TX,2022-11-04,4,0.4565,0.5435,-0.0870,0.4065,0.5065,-0.1870,0.0130,pres2024-2party-county-weighted+mail-selection,medium,254,254,1.0000,1.0000,5497027,0.4306,0.0083,0.4389,0.0176,0.0577,0.0387,0.0000,1.0000,model,false,electindex-estimate/pres2024-county-returns,2026-09-07T20:17:50+00:00
2022,VA,2022-11-08,0,0.6135,0.3865,0.2270,0.5635,0.6635,0.1270,0.3270,pres2024-2party-county-weighted+mail-selection,medium,133,133,1.0000,1.0000,992231,0.5295,0.0172,0.5468,0.0667,0.3131,0.0965,0.0000,1.0000,model,false,electindex-estimate/pres2024-county-returns,2026-09-07T20:17:50+00:00
2024,OH,2024-11-05,0,0.4806,0.5194,-0.0387,0.4306,0.5306,-0.1387,0.0613,pres2024-2party-county-weighted+mail-selection,medium,88,88,1.0000,1.0000,2620750,0.4434,-0.0099,0.4335,0.0471,0.4138,0.1898,0.0000,1.0000,model,false,electindex-estimate/pres2024-county-returns,2026-09-07T20:17:50+00:00
2024,SC,2024-09-24,42,0.6899,0.3101,0.3798,0.5399,0.8399,0.0798,0.6798,pres2024-2party-county-weighted+mail-selection,low,46,46,1.0000,1.0000,534,0.4094,0.0805,0.4899,0.2000,1.0000,0.0002,0.0000,1.0000,model,false,electindex-estimate/pres2024-county-returns,2026-09-06T22:20:04+00:00
2024,SC,2024-09-25,41,0.6971,0.3029,0.3941,0.5471,0.8471,0.0941,0.6941,pres2024-2party-county-weighted+mail-selection,low,46,46,1.0000,1.0000,878,0.4094,0.0877,0.4971,0.2000,1.0000,0.0003,0.0000,1.0000,model,false,electindex-estimate/pres2024-county-returns,2026-09-06T22:20:04+00:00
2024,SC,2024-09-26,40,0.7002,0.2998,0.4004,0.5502,0.8502,0.1004,0.7004,pres2024-2party-county-weighted+mail-selection,low,46,46,1.0000,1.0000,1004,0.4094,0.0908,0.5002,0.2000,1.0000,0.0004,0.0000,1.0000,model,false,electindex-estimate/pres2024-county-returns,2026-09-06T22:20:04+00:00
2024,SC,2024-10-01,35,0.6965,0.3035,0.3930,0.5465,0.8465,0.0930,0.6930,pres2024-2party-county-weighted+mail-selection,low,46,46,1.0000,1.0000,1389,0.4094,0.0871,0.4965,0.2000,1.0000,0.0006,0.0000,1.0000,model,false,electindex-estimate/pres2024-county-returns,2026-09-06T22:20:04+00:00
2024,SC,2024-10-02,34,0.6935,0.3065,0.3870,0.5435,0.8435,0.0870,0.6870,pres2024-2party-county-weighted+mail-selection,low,46,46,1.0000,1.0000,1490,0.4094,0.0841,0.4935,0.2000,1.0000,0.0006,0.0000,1.0000,model,false,electindex-estimate/pres2024-county-returns,2026-09-06T22:20:04+00:00
2024,SC,2024-10-03,33,0.6937,0.3063,0.3873,0.5437,0.8437,0.0873,0.6873,pres2024-2party-county-weighted+mail-selection,low,46,46,1.0000,1.0000,1556,0.4094,0.0843,0.4937,0.2000,1.0000,0.0006,0.0000,1.0000,model,false,electindex-estimate/pres2024-county-returns,2026-09-06T22:20:04+00:00
2024,SC,2024-10-04,32,0.6749,0.3251,0.3499,0.5249,0.8249,0.0499,0.6499,pres2024-2party-county-weighted+mail-selection,low,46,46,1.0000,1.0000,1947,0.4094,0.0655,0.4749,0.2000,1.0000,0.0008,0.0000,1.0000,model,false,electindex-estimate/pres2024-county-returns,2026-09-06T22:20:04+00:00
2024,SC,2024-10-09,27,0.6535,0.3465,0.3071,0.5035,0.8035,0.0071,0.6071,pres2024-2party-county-weighted+mail-selection,low,46,46,1.0000,1.0000,3735,0.4094,0.0441,0.4535,0.2000,1.0000,0.0015,0.0000,1.0000,model,false,electindex-estimate/pres2024-county-returns,2026-09-06T22:20:04+00:00
2024,SC,2024-10-10,26,0.6443,0.3557,0.2887,0.4943,0.7943,-0.0113,0.5887,pres2024-2party-county-weighted+mail-selection,low,46,46,1.0000,1.0000,5417,0.4094,0.0349,0.4443,0.2000,1.0000,0.0022,0.0000,1.0000,model,false,electindex-estimate/pres2024-county-returns,2026-09-06T22:20:04+00:00
2024,SC,2024-10-11,25,0.6337,0.3663,0.2673,0.4837,0.7837,-0.0327,0.5673,pres2024-2party-county-weighted+mail-selection,low,46,46,1.0000,1.0000,7351,0.4094,0.0243,0.4337,0.2000,1.0000,0.0029,0.0000,1.0000,model,false,electindex-estimate/pres2024-county-returns,2026-09-06T22:20:04+00:00
2024,SC,2024-10-14,22,0.6366,0.3634,0.2731,0.4866,0.7866,-0.0269,0.5731,pres2024-2party-county-weighted+mail-selection,low,46,46,1.0000,1.0000,9164,0.4094,0.0272,0.4366,0.2000,1.0000,0.0036,0.0000,1.0000,model,false,electindex-estimate/pres2024-county-returns,2026-09-06T22:20:04+00:00
2024,SC,2024-10-15,21,0.6406,0.3594,0.2812,0.4906,0.7906,-0.0188,0.5812,pres2024-2party-county-weighted+mail-selection,low,46,46,1.0000,1.0000,10021,0.4094,0.0312,0.4406,0.2000,1.0000,0.0040,0.0000,1.0000,model,false,electindex-estimate/pres2024-county-returns,2026-09-06T22:20:04+00:00
2024,SC,2024-10-16,20,0.6398,0.3602,0.2797,0.4898,0.7898,-0.0203,0.5797,pres2024-2party-county-weighted+mail-selection,low,46,46,1.0000,1.0000,19085,0.4094,0.0305,0.4398,0.2000,1.0000,0.0076,0.0000,1.0000,model,false,electindex-estimate/pres2024-county-returns,2026-09-06T22:20:04+00:00
2024,SC,2024-10-17,19,0.6358,0.3642,0.2717,0.4858,0.7858,-0.0283,0.5717,pres2024-2party-county-weighted+mail-selection,low,46,46,1.0000,1.0000,22073,0.4094,0.0265,0.4358,0.2000,1.0000,0.0088,0.0000,1.0000,model,false,electindex-estimate/pres2024-county-returns,2026-09-06T22:20:04+00:00
2024,SC,2024-10-18,18,0.6393,0.3607,0.2786,0.4893,0.7893,-0.0214,0.5786,pres2024-2party-county-weighted+mail-selection,low,46,46,1.0000,1.0000,29533,0.4094,0.0299,0.4393,0.2000,1.0000,0.0118,0.0000,1.0000,model,false,electindex-estimate/pres2024-county-returns,2026-09-06T22:20:04+00:00
2024,SC,2024-10-21,15,0.5004,0.4996,0.0008,0.4504,0.5504,-0.0992,0.1008,pres2024-2party-county-weighted+mail-selection,medium,46,46,1.0000,1.0000,163902,0.4094,0.0115,0.4209,0.0795,0.2268,0.0148,0.0000,1.0000,model,false,electindex-estimate/pres2024-county-returns,2026-09-07T20:17:50+00:00
2024,SC,2024-10-22,14,0.4730,0.5270,-0.0540,0.4230,0.5230,-0.1540,0.0460,pres2024-2party-county-weighted+mail-selection,medium,46,46,1.0000,1.0000,302079,0.4094,0.0098,0.4192,0.0538,0.1573,0.0189,0.0000,1.0000,model,false,electindex-estimate/pres2024-county-returns,2026-09-07T20:17:50+00:00
2024,SC,2024-10-23,13,0.4584,0.5416,-0.0832,0.4084,0.5084,-0.1832,0.0168,pres2024-2party-county-weighted+mail-selection,medium,46,46,1.0000,1.0000,436026,0.4094,0.0083,0.4177,0.0407,0.1204,0.0209,0.0000,1.0000,model,false,electindex-estimate/pres2024-county-returns,2026-09-07T20:17:50+00:00
2024,SC,2024-10-24,12,0.4508,0.5492,-0.0983,0.4008,0.5008,-0.1983,0.0017,pres2024-2party-county-weighted+mail-selection,medium,46,46,1.0000,1.0000,569553,0.4094,0.0074,0.4167,0.0341,0.1022,0.0232,0.0000,1.0000,model,false,electindex-estimate/pres2024-county-returns,2026-09-07T20:17:50+00:00
2024,SC,2024-10-25,11,0.4461,0.5539,-0.1079,0.3961,0.4961,-0.2079,-0.0079,pres2024-2party-county-weighted+mail-selection,medium,46,46,1.0000,1.0000,710051,0.4094,0.0070,0.4163,0.0297,0.0903,0.0255,0.0000,1.0000,model,false,electindex-estimate/pres2024-county-returns,2026-09-07T20:17:50+00:00
2024,SC,2024-10-26,10,0.4441,0.5559,-0.1118,0.3941,0.4941,-0.2118,-0.0118,pres2024-2party-county-weighted+mail-selection,medium,46,46,1.0000,1.0000,806337,0.4094,0.0065,0.4158,0.0283,0.0871,0.0279,0.0000,1.0000,model,false,electindex-estimate/pres2024-county-returns,2026-09-07T20:17:50+00:00
2024,SC,2024-10-27,9,0.4447,0.5553,-0.1105,0.3947,0.4947,-0.2105,-0.0105,pres2024-2party-county-weighted+mail-selection,medium,46,46,1.0000,1.0000,808705,0.4094,0.0064,0.4158,0.0290,0.0898,0.0289,0.0000,1.0000,model,false,electindex-estimate/pres2024-county-returns,2026-09-07T20:17:50+00:00
2024,SC,2024-10-28,8,0.4404,0.5596,-0.1192,0.3904,0.4904,-0.2192,-0.0192,pres2024-2party-county-weighted+mail-selection,medium,46,46,1.0000,1.0000,939303,0.4094,0.0060,0.4154,0.0250,0.0776,0.0290,0.0000,1.0000,model,false,electindex-estimate/pres2024-county-returns,2026-09-07T20:17:50+00:00
2024,SC,2024-10-29,7,0.4388,0.5612,-0.1225,0.3888,0.4888,-0.2225,-0.0225,pres2024-2party-county-weighted+mail-selection,medium,46,46,1.0000,1.0000,1069169,0.4094,0.0058,0.4152,0.0235,0.0740,0.0315,0.0000,1.0000,model,false,electindex-estimate/pres2024-county-returns,2026-09-07T20:17:50+00:00
2024,SC,2024-10-30,6,0.4371,0.5629,-0.1259,0.3871,0.4871,-0.2259,-0.0259,pres2024-2party-county-weighted+mail-selection,medium,46,46,1.0000,1.0000,1190896,0.4094,0.0056,0.4150,0.0221,0.0701,0.0333,0.0000,1.0000,model,false,electindex-estimate/pres2024-county-returns,2026-09-07T20:17:50+00:00
2024,SC,2024-10-31,5,0.4359,0.5641,-0.1282,0.3859,0.4859,-0.2282,-0.0282,pres2024-2party-county-weighted+mail-selection,medium,46,46,1.0000,1.0000,1306145,0.4094,0.0054,0.4148,0.0211,0.0678,0.0352,0.0000,1.0000,model,false,electindex-estimate/pres2024-county-returns,2026-09-07T20:17:50+00:00
2024,SC,2024-11-01,4,0.4345,0.5655,-0.1310,0.3845,0.4845,-0.2310,-0.0310,pres2024-2party-county-weighted+mail-selection,medium,46,46,1.0000,1.0000,1444709,0.4094,0.0054,0.4148,0.0197,0.0639,0.0368,0.0000,1.0000,model,false,electindex-estimate/pres2024-county-returns,2026-09-07T20:17:50+00:00
2024,SC,2024-11-02,3,0.4336,0.5664,-0.1328,0.3836,0.4836,-0.2328,-0.0328,pres2024-2party-county-weighted+mail-selection,medium,46,46,1.0000,1.0000,1568249,0.4094,0.0054,0.4148,0.0188,0.0616,0.0384,0.0000,1.0000,model,false,electindex-estimate/pres2024-county-returns,2026-09-07T20:17:50+00:00
2024,SC,2024-11-03,2,0.4340,0.5660,-0.1321,0.3840,0.4840,-0.2321,-0.0321,pres2024-2party-county-weighted+mail-selection,medium,46,46,1.0000,1.0000,1570816,0.4094,0.0055,0.4148,0.0191,0.0631,0.0395,0.0000,1.0000,model,false,electindex-estimate/pres2024-county-returns,2026-09-07T20:17:50+00:00
2024,SC,2024-11-04,1,0.4345,0.5655,-0.1310,0.3845,0.4845,-0.2310,-0.0310,pres2024-2party-county-weighted+mail-selection,medium,46,46,1.0000,1.0000,1574607,0.4094,0.0055,0.4149,0.0196,0.0654,0.0410,0.0000,1.0000,model,false,electindex-estimate/pres2024-county-returns,2026-09-07T20:17:50+00:00
2024,SC,2024-11-05,0,0.4351,0.5649,-0.1297,0.3851,0.4851,-0.2297,-0.0297,pres2024-2party-county-weighted+mail-selection,medium,46,46,1.0000,1.0000,1579112,0.4094,0.0055,0.4149,0.0202,0.0680,0.0428,0.0000,1.0000,model,false,electindex-estimate/pres2024-county-returns,2026-09-07T20:17:50+00:00
2024,TN,2024-10-16,20,0.4163,0.5837,-0.1675,0.3663,0.4663,-0.2675,-0.0675,pres2024-2party-county-weighted+mail-selection,medium,95,95,1.0000,1.0000,215936,0.3494,0.0013,0.3507,0.0656,0.1854,0.0132,0.0000,1.0000,model,false,electindex-estimate/pres2024-county-returns,2026-09-07T20:17:50+00:00
2024,TN,2024-10-17,19,0.3902,0.6098,-0.2196,0.3402,0.4402,-0.3196,-0.1196,pres2024-2party-county-weighted+mail-selection,medium,95,95,1.0000,1.0000,386000,0.3494,0.0007,0.3501,0.0401,0.1142,0.0146,0.0000,1.0000,model,false,electindex-estimate/pres2024-county-returns,2026-09-07T20:17:50+00:00
2024,TN,2024-10-18,18,0.3776,0.6224,-0.2449,0.3276,0.4276,-0.3449,-0.1449,pres2024-2party-county-weighted+mail-selection,medium,95,95,1.0000,1.0000,558391,0.3494,-0.0011,0.3483,0.0292,0.0837,0.0155,0.0000,1.0000,model,false,electindex-estimate/pres2024-county-returns,2026-09-07T20:17:50+00:00
2024,TN,2024-10-19,17,0.3776,0.6224,-0.2449,0.3276,0.4276,-0.3449,-0.1449,pres2024-2party-county-weighted+mail-selection,medium,95,95,1.0000,1.0000,654223,0.3494,0.0025,0.3519,0.0256,0.0736,0.0159,0.0000,1.0000,model,false,electindex-estimate/pres2024-county-returns,2026-09-07T20:17:50+00:00
2024,TN,2024-10-21,15,0.3737,0.6263,-0.2526,0.3237,0.4237,-0.3526,-0.1526,pres2024-2party-county-weighted+mail-selection,medium,95,95,1.0000,1.0000,820564,0.3494,0.0025,0.3519,0.0218,0.0630,0.0171,0.0000,1.0000,model,false,electindex-estimate/pres2024-county-returns,2026-09-07T20:17:50+00:00
2024,TN,2024-10-22,14,0.3719,0.6281,-0.2562,0.3219,0.4219,-0.3562,-0.1562,pres2024-2party-county-weighted+mail-selection,medium,95,95,1.0000,1.0000,988462,0.3494,0.0032,0.3526,0.0193,0.0561,0.0183,0.0000,1.0000,model,false,electindex-estimate/pres2024-county-returns,2026-09-07T20:17:50+00:00
2024,TN,2024-10-23,13,0.3703,0.6297,-0.2593,0.3203,0.4203,-0.3593,-0.1593,pres2024-2party-county-weighted+mail-selection,medium,95,95,1.0000,1.0000,1143192,0.3494,0.0034,0.3527,0.0176,0.0515,0.0195,0.0000,1.0000,model,false,electindex-estimate/pres2024-county-returns,2026-09-07T20:17:50+00:00
2024,TN,2024-10-24,12,0.3695,0.6305,-0.2610,0.3195,0.4195,-0.3610,-0.1610,pres2024-2party-county-weighted+mail-selection,medium,95,95,1.0000,1.0000,1292095,0.3494,0.0038,0.3532,0.0162,0.0479,0.0205,0.0000,1.0000,model,false,electindex-estimate/pres2024-county-returns,2026-09-07T20:17:50+00:00
2024,TN,2024-10-25,11,0.3679,0.6321,-0.2641,0.3179,0.4179,-0.3641,-0.1641,pres2024-2party-county-weighted+mail-selection,medium,95,95,1.0000,1.0000,1450599,0.3494,0.0035,0.3528,0.0151,0.0448,0.0215,0.0000,1.0000,model,false,electindex-estimate/pres2024-county-returns,2026-09-07T20:17:50+00:00
2024,TN,2024-10-26,10,0.3684,0.6316,-0.2632,0.3184,0.4184,-0.3632,-0.1632,pres2024-2party-county-weighted+mail-selection,medium,95,95,1.0000,1.0000,1555231,0.3494,0.0045,0.3539,0.0145,0.0433,0.0223,0.0000,1.0000,model,false,electindex-estimate/pres2024-county-returns,2026-09-07T20:17:50+00:00
2024,TN,2024-10-28,8,0.3685,0.6315,-0.2631,0.3185,0.4185,-0.3631,-0.1631,pres2024-2party-county-weighted+mail-selection,medium,95,95,1.0000,1.0000,1712441,0.3494,0.0053,0.3547,0.0138,0.0414,0.0234,0.0000,1.0000,model,false,electindex-estimate/pres2024-county-returns,2026-09-07T20:17:50+00:00
2024,TN,2024-10-29,7,0.3690,0.6310,-0.2620,0.3190,0.4190,-0.3620,-0.1620,pres2024-2party-county-weighted+mail-selection,medium,95,95,1.0000,1.0000,1875293,0.3494,0.0065,0.3559,0.0131,0.0395,0.0245,0.0000,1.0000,model,false,electindex-estimate/pres2024-county-returns,2026-09-07T20:17:50+00:00
2024,TN,2024-10-30,6,0.3696,0.6304,-0.2609,0.3196,0.4196,-0.3609,-0.1609,pres2024-2party-county-weighted+mail-selection,medium,95,95,1.0000,1.0000,2037440,0.3494,0.0075,0.3569,0.0127,0.0385,0.0260,0.0000,1.0000,model,false,electindex-estimate/pres2024-county-returns,2026-09-07T20:17:50+00:00
2024,TN,2024-10-31,5,0.3700,0.6300,-0.2600,0.3200,0.4200,-0.3600,-0.1600,pres2024-2party-county-weighted+mail-selection,medium,95,95,1.0000,1.0000,2214870,0.3494,0.0085,0.3579,0.0121,0.0371,0.0272,0.0000,1.0000,model,false,electindex-estimate/pres2024-county-returns,2026-09-07T20:17:50+00:00
2024,TX,2024-09-29,37,0.4412,0.5588,-0.1176,0.2912,0.5912,-0.4176,0.1824,pres2024-2party-county-weighted+mail-selection,low,254,254,1.0000,1.0000,1596,0.4306,-0.1894,0.2412,0.2000,0.9925,0.0001,0.0000,1.0000,model,false,electindex-estimate/pres2024-county-returns,2026-09-06T22:20:04+00:00
2024,TX,2024-09-30,36,0.4840,0.5160,-0.0320,0.3340,0.6340,-0.3320,0.2680,pres2024-2party-county-weighted+mail-selection,low,254,254,1.0000,1.0000,4215,0.4306,-0.1466,0.2840,0.2000,0.9964,0.0004,0.0000,1.0000,model,false,electindex-estimate/pres2024-county-returns,2026-09-06T22:20:04+00:00
2024,TX,2024-10-01,35,0.4809,0.5191,-0.0382,0.3309,0.6309,-0.3382,0.2618,pres2024-2party-county-weighted+mail-selection,low,254,254,1.0000,1.0000,5727,0.4306,-0.1497,0.2809,0.2000,0.9963,0.0005,0.0000,1.0000,model,false,electindex-estimate/pres2024-county-returns,2026-09-06T22:20:04+00:00
2024,TX,2024-10-02,34,0.5066,0.4934,0.0132,0.3566,0.6566,-0.2868,0.3132,pres2024-2party-county-weighted+mail-selection,low,254,254,1.0000,1.0000,9245,0.4306,-0.1240,0.3066,0.2000,0.9976,0.0008,0.0000,1.0000,model,false,electindex-estimate/pres2024-county-returns,2026-09-06T22:20:04+00:00
2024,TX,2024-10-03,33,0.5207,0.4793,0.0415,0.3707,0.6707,-0.2585,0.3415,pres2024-2party-county-weighted+mail-selection,low,254,254,1.0000,1.0000,13159,0.4306,-0.1099,0.3207,0.2000,0.9983,0.0012,0.0000,1.0000,model,false,electindex-estimate/pres2024-county-returns,2026-09-06T22:20:04+00:00
2024,TX,2024-10-04,32,0.5446,0.4554,0.0892,0.3946,0.6946,-0.2108,0.3892,pres2024-2party-county-weighted+mail-selection,low,254,254,1.0000,1.0000,18016,0.4306,-0.0860,0.3446,0.2000,0.9988,0.0016,0.0000,1.0000,model,false,electindex-estimate/pres2024-county-returns,2026-09-06T22:20:04+00:00
2024,TX,2024-10-05,31,0.5549,0.4451,0.1099,0.4049,0.7049,-0.1901,0.4099,pres2024-2party-county-weighted+mail-selection,low,254,254,1.0000,1.0000,19432,0.4306,-0.0757,0.3549,0.2000,0.9989,0.0017,0.0000,1.0000,model,false,electindex-estimate/pres2024-county-returns,2026-09-06T22:20:04+00:00
2024,TX,2024-10-06,30,0.5539,0.4461,0.1078,0.4039,0.7039,-0.1922,0.4078,pres2024-2party-county-weighted+mail-selection,low,254,254,1.0000,1.0000,19544,0.4306,-0.0767,0.3539,0.2000,0.9989,0.0017,0.0000,1.0000,model,false,electindex-estimate/pres2024-county-returns,2026-09-06T22:20:04+00:00
2024,TX,2024-10-07,29,0.5620,0.4380,0.1241,0.4120,0.7120,-0.1759,0.4241,pres2024-2party-county-weighted+mail-selection,low,254,254,1.0000,1.0000,28932,0.4306,-0.0686,0.3620,0.2000,0.9992,0.0026,0.0000,1.0000,model,false,electindex-estimate/pres2024-county-returns,2026-09-06T22:20:04+00:00
2024,TX,2024-10-08,28,0.5899,0.4101,0.1797,0.4399,0.7399,-0.1203,0.4797,pres2024-2party-county-weighted+mail-selection,low,254,254,1.0000,1.0000,39157,0.4306,-0.0408,0.3899,0.2000,0.9994,0.0035,0.0000,1.0000,model,false,electindex-estimate/pres2024-county-returns,2026-09-06T22:20:04+00:00
2024,TX,2024-10-09,27,0.5862,0.4138,0.1723,0.4362,0.7362,-0.1277,0.4723,pres2024-2party-county-weighted+mail-selection,low,254,254,1.0000,1.0000,47003,0.4306,-0.0444,0.3862,0.2000,0.9995,0.0042,0.0000,1.0000,model,false,electindex-estimate/pres2024-county-returns,2026-09-06T22:20:04+00:00
2024,TX,2024-10-10,26,0.6031,0.3969,0.2062,0.5531,0.6531,0.1062,0.3062,pres2024-2party-county-weighted+mail-selection,medium,254,254,1.0000,1.0000,61940,0.4306,-0.0275,0.4031,0.2000,0.9996,0.0055,0.0000,1.0000,model,false,electindex-estimate/pres2024-county-returns,2026-09-07T20:17:50+00:00
2024,TX,2024-10-11,25,0.6084,0.3916,0.2168,0.5584,0.6584,0.1168,0.3168,pres2024-2party-county-weighted+mail-selection,medium,254,254,1.0000,1.0000,73909,0.4306,-0.0222,0.4084,0.2000,0.9997,0.0066,0.0000,1.0000,model,false,electindex-estimate/pres2024-county-returns,2026-09-07T20:17:50+00:00
2024,TX,2024-10-12,24,0.6168,0.3832,0.2336,0.5668,0.6668,0.1336,0.3336,pres2024-2party-county-weighted+mail-selection,medium,254,254,1.0000,1.0000,78915,0.4306,-0.0138,0.4168,0.2000,0.9997,0.0070,0.0000,1.0000,model,false,electindex-estimate/pres2024-county-returns,2026-09-07T20:17:50+00:00
2024,TX,2024-10-13,23,0.6163,0.3837,0.2326,0.5663,0.6663,0.1326,0.3326,pres2024-2party-county-weighted+mail-selection,medium,254,254,1.0000,1.0000,79614,0.4306,-0.0143,0.4163,0.2000,0.9997,0.0071,0.0000,1.0000,model,false,electindex-estimate/pres2024-county-returns,2026-09-07T20:17:50+00:00
2024,TX,2024-10-14,22,0.6200,0.3800,0.2401,0.5700,0.6700,0.1401,0.3401,pres2024-2party-county-weighted+mail-selection,medium,254,254,1.0000,1.0000,86762,0.4306,-0.0106,0.4200,0.2000,0.9997,0.0077,0.0000,1.0000,model,false,electindex-estimate/pres2024-county-returns,2026-09-07T20:17:50+00:00
2024,TX,2024-10-15,21,0.6195,0.3805,0.2390,0.5695,0.6695,0.1390,0.3390,pres2024-2party-county-weighted+mail-selection,medium,254,254,1.0000,1.0000,102549,0.4306,-0.0111,0.4195,0.2000,0.9998,0.0091,0.0000,1.0000,model,false,electindex-estimate/pres2024-county-returns,2026-09-07T20:17:50+00:00
2024,TX,2024-10-16,20,0.6245,0.3755,0.2490,0.5745,0.6745,0.1490,0.3490,pres2024-2party-county-weighted+mail-selection,medium,254,254,1.0000,1.0000,119544,0.4306,-0.0061,0.4245,0.2000,0.9998,0.0106,0.0000,1.0000,model,false,electindex-estimate/pres2024-county-returns,2026-09-07T20:17:50+00:00
2024,TX,2024-10-17,19,0.6266,0.3734,0.2533,0.5766,0.6766,0.1533,0.3533,pres2024-2party-county-weighted+mail-selection,medium,254,254,1.0000,1.0000,136201,0.4306,-0.0040,0.4266,0.2000,0.9998,0.0121,0.0000,1.0000,model,false,electindex-estimate/pres2024-county-returns,2026-09-07T20:17:50+00:00
2024,TX,2024-10-18,18,0.6286,0.3714,0.2573,0.5786,0.6786,0.1573,0.3573,pres2024-2party-county-weighted+mail-selection,medium,254,254,1.0000,1.0000,152327,0.4306,-0.0020,0.4286,0.2000,0.9999,0.0136,0.0000,1.0000,model,false,electindex-estimate/pres2024-county-returns,2026-09-07T20:17:50+00:00
2024,TX,2024-10-19,17,0.6310,0.3690,0.2620,0.5810,0.6810,0.1620,0.3620,pres2024-2party-county-weighted+mail-selection,medium,254,254,1.0000,1.0000,160730,0.4306,0.0004,0.4310,0.2000,0.9999,0.0143,0.0000,1.0000,model,false,electindex-estimate/pres2024-county-returns,2026-09-07T20:17:50+00:00
2024,TX,2024-10-20,16,0.6305,0.3695,0.2610,0.5805,0.6805,0.1610,0.3610,pres2024-2party-county-weighted+mail-selection,medium,254,254,1.0000,1.0000,161982,0.4306,-0.0001,0.4305,0.2000,0.9999,0.0144,0.0000,1.0000,model,false,electindex-estimate/pres2024-county-returns,2026-09-07T20:17:50+00:00
2024,TX,2024-10-21,15,0.4811,0.5189,-0.0379,0.4311,0.5311,-0.1379,0.0621,pres2024-2party-county-weighted+mail-selection,medium,254,254,1.0000,1.0000,1112044,0.4306,-0.0072,0.4234,0.0576,0.1659,0.0164,0.0000,1.0000,model,false,electindex-estimate/pres2024-county-returns,2026-09-07T20:17:50+00:00
2024,TX,2024-10-22,14,0.4582,0.5418,-0.0836,0.4082,0.5082,-0.1836,0.0164,pres2024-2party-county-weighted+mail-selection,medium,254,254,1.0000,1.0000,1996043,0.4306,-0.0068,0.4238,0.0344,0.0997,0.0177,0.0000,1.0000,model,false,electindex-estimate/pres2024-county-returns,2026-09-07T20:17:50+00:00
2024,TX,2024-10-23,13,0.4509,0.5491,-0.0982,0.4009,0.5009,-0.1982,0.0018,pres2024-2party-county-weighted+mail-selection,medium,254,254,1.0000,1.0000,2850176,0.4306,-0.0060,0.4246,0.0263,0.0771,0.0196,0.0000,1.0000,model,false,electindex-estimate/pres2024-county-returns,2026-09-07T20:17:50+00:00
2024,TX,2024-10-24,12,0.4472,0.5528,-0.1055,0.3972,0.4972,-0.2055,-0.0055,pres2024-2party-county-weighted+mail-selection,medium,254,254,1.0000,1.0000,3644731,0.4306,-0.0052,0.4254,0.0219,0.0647,0.0210,0.0000,1.0000,model,false,electindex-estimate/pres2024-county-returns,2026-09-07T20:17:50+00:00
2024,TX,2024-10-25,11,0.4446,0.5554,-0.1109,0.3946,0.4946,-0.2109,-0.0109,pres2024-2party-county-weighted+mail-selection,medium,254,254,1.0000,1.0000,4507733,0.4306,-0.0048,0.4258,0.0187,0.0559,0.0224,0.0000,1.0000,model,false,electindex-estimate/pres2024-county-returns,2026-09-07T20:17:50+00:00
2024,TX,2024-10-26,10,0.4439,0.5561,-0.1123,0.3939,0.4939,-0.2123,-0.0123,pres2024-2party-county-weighted+mail-selection,medium,254,254,1.0000,1.0000,5156750,0.4306,-0.0038,0.4268,0.0171,0.0512,0.0235,0.0000,1.0000,model,false,electindex-estimate/pres2024-county-returns,2026-09-07T20:17:50+00:00
2024,TX,2024-10-27,9,0.4439,0.5561,-0.1123,0.3939,0.4939,-0.2123,-0.0123,pres2024-2party-county-weighted+mail-selection,medium,254,254,1.0000,1.0000,5479281,0.4306,-0.0030,0.4276,0.0162,0.0488,0.0238,0.0000,1.0000,model,false,electindex-estimate/pres2024-county-returns,2026-09-07T20:17:50+00:00
2024,TX,2024-10-28,8,0.4430,0.5570,-0.1141,0.3930,0.4930,-0.2141,-0.0141,pres2024-2party-county-weighted+mail-selection,medium,254,254,1.0000,1.0000,6228042,0.4306,-0.0026,0.4281,0.0149,0.0452,0.0251,0.0000,1.0000,model,false,electindex-estimate/pres2024-county-returns,2026-09-07T20:17:50+00:00
2024,TX,2024-10-29,7,0.4430,0.5570,-0.1140,0.3930,0.4930,-0.2140,-0.0140,pres2024-2party-county-weighted+mail-selection,medium,254,254,1.0000,1.0000,6912655,0.4306,-0.0017,0.4289,0.0140,0.0428,0.0264,0.0000,1.0000,model,false,electindex-estimate/pres2024-county-returns,2026-09-07T20:17:50+00:00
2024,TX,2024-10-30,6,0.4436,0.5564,-0.1128,0.3936,0.4936,-0.2128,-0.0128,pres2024-2party-county-weighted+mail-selection,medium,254,254,1.0000,1.0000,7552471,0.4306,-0.0004,0.4302,0.0134,0.0414,0.0278,0.0000,1.0000,model,false,electindex-estimate/pres2024-county-returns,2026-09-07T20:17:50+00:00
2024,TX,2024-10-31,5,0.4443,0.5557,-0.1115,0.3943,0.4943,-0.2115,-0.0115,pres2024-2party-county-weighted+mail-selection,medium,254,254,1.0000,1.0000,8158109,0.4306,0.0007,0.4314,0.0129,0.0400,0.0291,0.0000,1.0000,model,false,electindex-estimate/pres2024-county-returns,2026-09-07T20:17:50+00:00
2024,TX,2024-11-01,4,0.4445,0.5555,-0.1109,0.3945,0.4945,-0.2109,-0.0109,pres2024-2party-county-weighted+mail-selection,medium,254,254,1.0000,1.0000,9058436,0.4306,0.0018,0.4324,0.0121,0.0378,0.0305,0.0000,1.0000,model,false,electindex-estimate/pres2024-county-returns,2026-09-07T20:17:50+00:00
2024,VA,2024-11-05,0,0.5808,0.4192,0.1616,0.5308,0.6308,0.0616,0.2616,pres2024-2party-county-weighted+mail-selection,medium,133,133,1.0000,1.0000,2376938,0.5295,0.0107,0.5402,0.0406,0.2180,0.1175,0.0000,1.0000,model,false,electindex-estimate/pres2024-county-returns,2026-09-07T20:17:50+00:00
2024,WI,2024-10-02,34,0.5105,0.4895,0.0211,0.4605,0.5605,-0.0789,0.1211,pres2024-2party-county-weighted+mail-selection,medium,72,72,1.0000,1.0000,99283,0.4956,0.0149,0.5105,,,,0.0000,1.0000,model,false,electindex-estimate/pres2024-county-returns,2026-09-07T20:17:50+00:00
2024,WI,2024-10-03,33,0.5138,0.4862,0.0275,0.4638,0.5638,-0.0725,0.1275,pres2024-2party-county-weighted+mail-selection,medium,72,72,1.0000,1.0000,116452,0.4956,0.0181,0.5138,,,,0.0000,1.0000,model,false,electindex-estimate/pres2024-county-returns,2026-09-07T20:17:50+00:00
2024,WI,2024-10-04,32,0.5135,0.4865,0.0271,0.4635,0.5635,-0.0729,0.1271,pres2024-2party-county-weighted+mail-selection,medium,72,72,1.0000,1.0000,130636,0.4956,0.0179,0.5135,,,,0.0000,1.0000,model,false,electindex-estimate/pres2024-county-returns,2026-09-07T20:17:50+00:00
2024,WI,2024-10-05,31,0.5124,0.4876,0.0248,0.4624,0.5624,-0.0752,0.1248,pres2024-2party-county-weighted+mail-selection,medium,72,72,1.0000,1.0000,141886,0.4956,0.0168,0.5124,,,,0.0000,1.0000,model,false,electindex-estimate/pres2024-county-returns,2026-09-07T20:17:50+00:00
2024,WI,2024-10-06,30,0.5122,0.4878,0.0244,0.4622,0.5622,-0.0756,0.1244,pres2024-2party-county-weighted+mail-selection,medium,72,72,1.0000,1.0000,142464,0.4956,0.0166,0.5122,,,,0.0000,1.0000,model,false,electindex-estimate/pres2024-county-returns,2026-09-07T20:17:50+00:00
2024,WI,2024-10-07,29,0.5121,0.4879,0.0242,0.4621,0.5621,-0.0758,0.1242,pres2024-2party-county-weighted+mail-selection,medium,72,72,1.0000,1.0000,143115,0.4956,0.0165,0.5121,,,,0.0000,1.0000,model,false,electindex-estimate/pres2024-county-returns,2026-09-07T20:17:50+00:00
2024,WI,2024-10-08,28,0.5132,0.4868,0.0264,0.4632,0.5632,-0.0736,0.1264,pres2024-2party-county-weighted+mail-selection,medium,72,72,1.0000,1.0000,168463,0.4956,0.0176,0.5132,,,,0.0000,1.0000,model,false,electindex-estimate/pres2024-county-returns,2026-09-07T20:17:50+00:00
2024,WI,2024-10-10,26,0.5142,0.4858,0.0284,0.4642,0.5642,-0.0716,0.1284,pres2024-2party-county-weighted+mail-selection,medium,72,72,1.0000,1.0000,199206,0.4956,0.0186,0.5142,,,,0.0000,1.0000,model,false,electindex-estimate/pres2024-county-returns,2026-09-07T20:17:50+00:00
2024,WI,2024-10-11,25,0.5141,0.4859,0.0282,0.4641,0.5641,-0.0718,0.1282,pres2024-2party-county-weighted+mail-selection,medium,72,72,1.0000,1.0000,212518,0.4956,0.0185,0.5141,,,,0.0000,1.0000,model,false,electindex-estimate/pres2024-county-returns,2026-09-07T20:17:50+00:00
2024,WI,2024-10-12,24,0.5150,0.4850,0.0300,0.4650,0.5650,-0.0700,0.1300,pres2024-2party-county-weighted+mail-selection,medium,72,72,1.0000,1.0000,225486,0.4956,0.0194,0.5150,,,,0.0000,1.0000,model,false,electindex-estimate/pres2024-county-returns,2026-09-07T20:17:50+00:00
2024,WI,2024-10-13,23,0.5148,0.4852,0.0296,0.4648,0.5648,-0.0704,0.1296,pres2024-2party-county-weighted+mail-selection,medium,72,72,1.0000,1.0000,226020,0.4956,0.0192,0.5148,,,,0.0000,1.0000,model,false,electindex-estimate/pres2024-county-returns,2026-09-07T20:17:50+00:00
2024,WI,2024-10-14,22,0.5148,0.4852,0.0296,0.4648,0.5648,-0.0704,0.1296,pres2024-2party-county-weighted+mail-selection,medium,72,72,1.0000,1.0000,226859,0.4956,0.0192,0.5148,,,,0.0000,1.0000,model,false,electindex-estimate/pres2024-county-returns,2026-09-07T20:17:50+00:00
2024,WI,2024-10-15,21,0.5147,0.4853,0.0295,0.4647,0.5647,-0.0705,0.1295,pres2024-2party-county-weighted+mail-selection,medium,72,72,1.0000,1.0000,239997,0.4956,0.0191,0.5147,,,,0.0000,1.0000,model,false,electindex-estimate/pres2024-county-returns,2026-09-07T20:17:50+00:00
2024,WI,2024-10-16,20,0.5161,0.4839,0.0321,0.4661,0.5661,-0.0679,0.1321,pres2024-2party-county-weighted+mail-selection,medium,72,72,1.0000,1.0000,267524,0.4956,0.0204,0.5161,,,,0.0000,1.0000,model,false,electindex-estimate/pres2024-county-returns,2026-09-07T20:17:50+00:00
2024,WI,2024-10-17,19,0.5151,0.4849,0.0303,0.4651,0.5651,-0.0697,0.1303,pres2024-2party-county-weighted+mail-selection,medium,72,72,1.0000,1.0000,283123,0.4956,0.0195,0.5151,,,,0.0000,1.0000,model,false,electindex-estimate/pres2024-county-returns,2026-09-07T20:17:50+00:00
2024,WI,2024-10-18,18,0.5163,0.4837,0.0325,0.4663,0.5663,-0.0675,0.1325,pres2024-2party-county-weighted+mail-selection,medium,72,72,1.0000,1.0000,305344,0.4956,0.0206,0.5163,,,,0.0000,1.0000,model,false,electindex-estimate/pres2024-county-returns,2026-09-07T20:17:50+00:00
2024,WI,2024-10-19,17,0.7161,0.2839,0.4322,0.6661,0.7661,0.3322,0.5322,pres2024-2party-county-weighted+mail-selection,medium,72,72,1.0000,1.0000,323421,0.4956,0.0205,0.5161,0.2000,1.0000,0.0961,0.0000,1.0000,model,false,electindex-estimate/pres2024-county-returns,2026-09-07T20:17:50+00:00
2024,WI,2024-10-20,16,0.7160,0.2840,0.4321,0.6660,0.7660,0.3321,0.5321,pres2024-2party-county-weighted+mail-selection,medium,72,72,1.0000,1.0000,324999,0.4956,0.0204,0.5160,0.2000,1.0000,0.0966,0.0000,1.0000,model,false,electindex-estimate/pres2024-county-returns,2026-09-07T20:17:50+00:00
2024,WI,2024-10-21,15,0.7161,0.2839,0.4322,0.6661,0.7661,0.3322,0.5322,pres2024-2party-county-weighted+mail-selection,medium,72,72,1.0000,1.0000,326124,0.4956,0.0205,0.5161,0.2000,1.0000,0.0969,0.0000,1.0000,model,false,electindex-estimate/pres2024-county-returns,2026-09-07T20:17:50+00:00
2024,WI,2024-10-22,14,0.7148,0.2852,0.4296,0.6648,0.7648,0.3296,0.5296,pres2024-2party-county-weighted+mail-selection,medium,72,72,1.0000,1.0000,360372,0.4956,0.0200,0.5157,0.1991,0.9990,0.1070,0.0000,1.0000,model,false,electindex-estimate/pres2024-county-returns,2026-09-07T20:17:50+00:00
2024,WI,2024-10-23,13,0.6649,0.3351,0.3299,0.6149,0.7149,0.2299,0.4299,pres2024-2party-county-weighted+mail-selection,medium,72,72,1.0000,1.0000,475460,0.4956,0.0162,0.5118,0.1531,0.7951,0.1123,0.0000,1.0000,model,false,electindex-estimate/pres2024-county-returns,2026-09-07T20:17:50+00:00
2024,WI,2024-10-24,12,0.6344,0.3656,0.2687,0.5844,0.6844,0.1687,0.3687,pres2024-2party-county-weighted+mail-selection,medium,72,72,1.0000,1.0000,592902,0.4956,0.0142,0.5098,0.1246,0.6764,0.1191,0.0000,1.0000,model,false,electindex-estimate/pres2024-county-returns,2026-09-07T20:17:50+00:00
2024,WI,2024-10-25,11,0.6130,0.3870,0.2261,0.5630,0.6630,0.1261,0.3261,pres2024-2party-county-weighted+mail-selection,medium,72,72,1.0000,1.0000,715395,0.4956,0.0131,0.5087,0.1043,0.5909,0.1256,0.0000,1.0000,model,false,electindex-estimate/pres2024-county-returns,2026-09-07T20:17:50+00:00
2024,WI,2024-10-28,8,0.5987,0.4013,0.1973,0.5487,0.6487,0.0973,0.2973,pres2024-2party-county-weighted+mail-selection,medium,72,72,1.0000,1.0000,858166,0.4956,0.0154,0.5110,0.0877,0.5199,0.1325,0.0000,1.0000,model,false,electindex-estimate/pres2024-county-returns,2026-09-07T20:17:50+00:00
2024,WI,2024-10-30,6,0.5790,0.4210,0.1579,0.5290,0.6290,0.0579,0.2579,pres2024-2party-county-weighted+mail-selection,medium,72,72,1.0000,1.0000,1109037,0.4956,0.0150,0.5107,0.0683,0.4505,0.1484,0.0000,1.0000,model,false,electindex-estimate/pres2024-county-returns,2026-09-07T20:17:50+00:00
2024,WI,2024-11-05,0,0.5610,0.4390,0.1219,0.5110,0.6110,0.0219,0.2219,pres2024-2party-county-weighted+mail-selection,medium,72,72,1.0000,1.0000,1540288,0.4956,0.0169,0.5126,0.0484,0.3794,0.1736,0.0000,1.0000,model,false,electindex-estimate/pres2024-county-returns,2026-09-07T20:17:50+00:00
