spec,cycle,state,office,days_to_election,target,actual_margin,prior_margin,prior_cycle,predicted,residual,predicted_loo,residual_loo,null_predicted,null_residual,early_share_of_total,ev_party_margin,mail_share,ev_party_margin_swing,mail_share_swing,pace_vs_prior,ev_ballots,source_tier,source_name,retrieved_at
mail,2022,KY,senate,4,-9.0679,-23.6167,-14.5488,2016,-5.5497,-3.5182,-5.3527,-3.7152,0,-9.0679,,2.6044,21.2279,,,,,1,ky-sbe,2026-09-06T15:38:49+00:00
mail,2022,NC,senate,0,2.4704,-3.2257,-5.6961,2016,-6.9296,9.4,-7.8129,10.2833,0,2.4704,57.973,10.2489,8.0886,,,,2187856,1,nc-sbe,2026-09-06T15:38:49+00:00
mail,2022,OH,senate,0,14.7594,-6.1119,-20.8713,2016,-1.1967,15.9561,-3.3685,18.1279,0,14.7594,35.6608,,62.6791,,,,1473983,1,oh-sos,2026-09-06T15:38:49+00:00
mail,2024,CO,president,5,-2.4221,10.9849,13.407,2020,2.4787,-4.9008,5.4532,-7.8753,0,-2.4221,,3.2773,97.6783,,,,,1,co-sos,2026-09-06T15:38:49+00:00
mail,2024,GA,president,0,-2.4276,-2.192,0.2356,2020,-7.087,4.6594,-7.5551,5.1275,0,-2.4276,76.7735,,6.5896,,,,4031303,2,uf-election-lab,2026-09-06T15:38:49+00:00
mail,2024,IL,president,1,-6.0925,10.8956,16.9881,2020,-4.1114,-1.9811,-4.0149,-2.0776,0,-6.0925,,,34.924,,,,,2,uf-election-lab,2026-09-06T15:38:49+00:00
mail,2024,KY,president,0,-4.5995,-30.5346,-25.9351,2020,-6.2774,1.6779,-6.3981,1.7986,0,-4.5995,38.7363,-10.5113,14.2991,,,,803596,1,ky-sbe,2026-09-06T15:38:49+00:00
mail,2024,ME,president,0,-2.1283,6.8461,8.9744,2020,-1.6336,-0.4947,-1.5778,-0.5505,0,-2.1283,44.9595,20.4896,58.5189,-13.993,-12.6111,59.8332,37876,1,me-sos,2026-09-06T15:38:49+00:00
mail,2024,ME,senate,0,1.5712,-23.2132,-24.7844,2018,-1.6336,3.2048,-1.9953,3.5665,0,1.5712,44.9595,20.4896,58.5189,-13.993,-12.6111,59.8332,37876,1,me-sos,2026-09-06T15:38:49+00:00
mail,2024,NV,president,1,-5.4891,-3.0985,2.3906,2020,-2.4671,-3.022,-2.2271,-3.262,0,-5.4891,,-5.3531,50.5818,,,,,2,uf-election-lab,2026-09-06T15:38:49+00:00
mail,2024,NV,senate,1,-3.3844,1.6426,5.027,2018,-2.4671,-0.9173,-2.3943,-0.9901,0,-3.3844,,-5.3531,50.5818,,,,,2,uf-election-lab,2026-09-06T15:38:49+00:00
mail,2024,OH,president,0,-3.1754,-11.2074,-8.032,2020,-3.4333,0.2579,-3.4478,0.2724,0,-3.1754,45.4377,,41.3811,,-21.2979,77.8006,262075,1,oh-sos,2026-09-06T15:38:49+00:00
mail,2024,OH,senate,0,-10.4645,-3.6187,6.8458,2018,-3.4333,-7.0312,-3.0385,-7.426,0,-10.4645,45.9408,,41.3811,,-21.2979,77.8006,262075,1,oh-sos,2026-09-06T15:38:49+00:00
mail,2024,SC,president,0,-6.191,-17.8677,-11.6767,2020,-7.0644,0.8734,-7.1514,0.9604,0,-6.191,61.9712,,6.8044,,,,1579112,1,sc-sec,2026-09-06T15:38:49+00:00
mail,2024,TN,president,5,-6.5109,-29.7198,-23.2089,2020,-7.389,0.8781,-7.4894,0.9785,0,-6.5109,,,3.7137,,,151.0379,,1,tn-sos,2026-09-06T15:38:49+00:00
mail,2024,TN,senate,5,-18.8472,-29.6342,-10.787,2018,-7.389,-11.4582,-6.0789,-12.7683,0,-18.8472,,,3.7137,,,151.0379,,1,tn-sos,2026-09-06T15:38:49+00:00
mail,2024,TX,president,4,-8.1047,-13.6833,-5.5786,2020,-7.3819,-0.7228,-7.2996,-0.8051,0,-8.1047,,,3.781,,-1.9939,64.7879,,1,tx-sos,2026-09-06T15:38:49+00:00
mail,2024,TX,senate,4,-5.9301,-8.4973,-2.5672,2018,-7.3819,1.4518,-7.5474,1.6173,0,-5.9301,,,3.781,,-1.9939,64.7879,,1,tx-sos,2026-09-06T15:38:49+00:00
mail,2024,VA,president,0,-4.3475,5.7665,10.114,2020,-5.4895,1.142,-5.5524,1.2049,0,-4.3475,52.7823,,21.8019,,-9.5084,139.5549,2376938,1,va-elect,2026-09-06T15:38:49+00:00
mail,2024,VA,senate,0,-7.0602,8.9349,15.9951,2018,-5.4895,-1.5707,-5.403,-1.6572,0,-7.0602,53.468,,21.8019,,-9.5084,139.5549,2376938,1,va-elect,2026-09-06T15:38:49+00:00
mail,2024,WI,president,0,-1.486,-0.8589,0.6271,2020,-3.7947,2.3087,-3.9132,2.4272,0,-1.486,45.5242,,37.9398,,,,1558257,1,wi-wec,2026-09-06T15:38:49+00:00
mail,2024,WI,senate,0,-9.9882,0.8488,10.837,2018,-3.7947,-6.1935,-3.4769,-6.5113,0,-9.9882,45.9556,,37.9398,,,,1558257,1,wi-wec,2026-09-06T15:38:49+00:00
mail_swing,2024,ME,president,0,-2.1283,6.8461,8.9744,2020,-4.9022,2.7739,-5.3136,3.1853,0,-2.1283,44.9595,20.4896,58.5189,-13.993,-12.6111,59.8332,37876,1,me-sos,2026-09-06T15:38:49+00:00
mail_swing,2024,ME,senate,0,1.5712,-23.2132,-24.7844,2018,-4.9022,6.4734,-5.8621,7.4333,0,1.5712,44.9595,20.4896,58.5189,-13.993,-12.6111,59.8332,37876,1,me-sos,2026-09-06T15:38:49+00:00
mail_swing,2024,OH,president,0,-3.1754,-11.2074,-8.032,2020,-4.5384,1.363,-5.3854,2.21,0,-3.1754,45.4377,,41.3811,,-21.2979,77.8006,262075,1,oh-sos,2026-09-06T15:38:49+00:00
mail_swing,2024,OH,senate,0,-10.4645,-3.6187,6.8458,2018,-4.5384,-5.9261,-0.8556,-9.6089,0,-10.4645,45.9408,,41.3811,,-21.2979,77.8006,262075,1,oh-sos,2026-09-06T15:38:49+00:00
mail_swing,2024,TX,president,4,-8.1047,-13.6833,-5.5786,2020,-5.3469,-2.7578,-3.8376,-4.2671,0,-8.1047,,,3.781,,-1.9939,64.7879,,1,tx-sos,2026-09-06T15:38:49+00:00
mail_swing,2024,TX,senate,4,-5.9301,-8.4973,-2.5672,2018,-5.3469,-0.5832,-5.0278,-0.9023,0,-5.9301,,,3.781,,-1.9939,64.7879,,1,tx-sos,2026-09-06T15:38:49+00:00
mail_swing,2024,VA,president,0,-4.3475,5.7665,10.114,2020,-5.0322,0.6847,-5.138,0.7905,0,-4.3475,52.7823,,21.8019,,-9.5084,139.5549,2376938,1,va-elect,2026-09-06T15:38:49+00:00
mail_swing,2024,VA,senate,0,-7.0602,8.9349,15.9951,2018,-5.0322,-2.028,-4.7187,-2.3415,0,-7.0602,53.468,,21.8019,,-9.5084,139.5549,2376938,1,va-elect,2026-09-06T15:38:49+00:00
pace,2024,MD,president,5,-4.6767,28.5337,33.2104,2020,-11.5353,6.8586,-13.2694,8.5927,0,-4.6767,,26.3144,,-6.2778,,160.4021,,1,md-sbe,2026-09-06T15:38:49+00:00
pace,2024,MD,senate,5,-22.7479,11.8015,34.5494,2018,-11.5353,-11.2126,-8.7005,-14.0474,0,-22.7479,,26.3144,,-6.2778,,160.4021,,1,md-sbe,2026-09-06T15:38:49+00:00
pace,2024,ME,president,0,-2.1283,6.8461,8.9744,2020,-3.2006,1.0723,-3.45,1.3217,0,-2.1283,44.9595,20.4896,58.5189,-13.993,-12.6111,59.8332,37876,1,me-sos,2026-09-06T15:38:49+00:00
pace,2024,ME,senate,0,1.5712,-23.2132,-24.7844,2018,-3.2006,4.7718,-4.3107,5.8819,0,1.5712,44.9595,20.4896,58.5189,-13.993,-12.6111,59.8332,37876,1,me-sos,2026-09-06T15:38:49+00:00
pace,2024,NC,president,0,-1.8638,-3.2119,-1.3481,2020,-7.0789,5.2151,-7.5148,5.651,0,-1.8638,79.3237,-1.1678,,-11.4167,,106.6301,4520768,1,nc-sbe,2026-09-06T15:38:49+00:00
pace,2024,OH,president,0,-3.1754,-11.2074,-8.032,2020,-4.6896,1.5142,-4.8994,1.724,0,-3.1754,45.4377,,41.3811,,-21.2979,77.8006,262075,1,oh-sos,2026-09-06T15:38:49+00:00
pace,2024,OH,senate,0,-10.4645,-3.6187,6.8458,2018,-4.6896,-5.7749,-3.8898,-6.5747,0,-10.4645,45.9408,,41.3811,,-21.2979,77.8006,262075,1,oh-sos,2026-09-06T15:38:49+00:00
pace,2024,TN,president,5,-6.5109,-29.7198,-23.2089,2020,-10.7593,4.2484,-11.5724,5.0615,0,-6.5109,,,3.7137,,,151.0379,,1,tn-sos,2026-09-06T15:38:49+00:00
pace,2024,TN,senate,5,-18.8472,-29.6342,-10.787,2018,-10.7593,-8.0879,-9.2113,-9.6359,0,-18.8472,,,3.7137,,,151.0379,,1,tn-sos,2026-09-06T15:38:49+00:00
pace,2024,TX,president,4,-8.1047,-13.6833,-5.5786,2020,-3.6112,-4.4935,-2.7089,-5.3958,0,-8.1047,,,3.781,,-1.9939,64.7879,,1,tx-sos,2026-09-06T15:38:49+00:00
pace,2024,TX,senate,4,-5.9301,-8.4973,-2.5672,2018,-3.6112,-2.3189,-3.1455,-2.7846,0,-5.9301,,,3.781,,-1.9939,64.7879,,1,tx-sos,2026-09-06T15:38:49+00:00
pace,2024,VA,president,0,-4.3475,5.7665,10.114,2020,-9.8076,5.4601,-10.5618,6.2143,0,-4.3475,52.7823,,21.8019,,-9.5084,139.5549,2376938,1,va-elect,2026-09-06T15:38:49+00:00
pace,2024,VA,senate,0,-7.0602,8.9349,15.9951,2018,-9.8076,2.7474,-10.1871,3.1269,0,-7.0602,53.468,,21.8019,,-9.5084,139.5549,2376938,1,va-elect,2026-09-06T15:38:49+00:00
party,2022,KY,senate,4,-9.0679,-23.6167,-14.5488,2016,-5.5631,-3.5048,-5.3114,-3.7565,0,-9.0679,,2.6044,21.2279,,,,,1,ky-sbe,2026-09-06T15:38:49+00:00
party,2022,MD,senate,5,6.48,31.6931,25.2131,2016,-3.9368,10.4168,-6.612,13.092,0,6.48,,32.5922,,,,,,1,md-sbe,2026-09-06T15:38:49+00:00
party,2022,NC,senate,0,2.4704,-3.2257,-5.6961,2016,-5.1486,7.619,-5.6324,8.1028,0,2.4704,57.973,10.2489,8.0886,,,,2187856,1,nc-sbe,2026-09-06T15:38:49+00:00
party,2024,CO,president,5,-2.4221,10.9849,13.407,2020,-5.5266,3.1045,-5.7432,3.3211,0,-2.4221,,3.2773,97.6783,,,,,1,co-sos,2026-09-06T15:38:49+00:00
party,2024,FL,president,0,-9.7417,-13.1,-3.3583,2020,-6.4253,-3.3164,-5.7225,-4.0192,0,-9.7417,83.8761,-13.2926,,,,,9137249,2,uf-election-lab,2026-09-06T15:38:49+00:00
party,2024,FL,senate,0,-12.6559,-12.7784,-0.1225,2018,-6.4253,-6.2306,-5.105,-7.5509,0,-12.6559,84.939,-13.2926,,,,,9137249,2,uf-election-lab,2026-09-06T15:38:49+00:00
party,2024,IA,president,0,-5.0565,-13.2095,-8.153,2020,-5.8192,0.7627,-5.891,0.8345,0,-5.0565,40.8954,-2.118,,,,,680297,1,ia-sos,2026-09-06T15:38:49+00:00
party,2024,KY,president,0,-4.5995,-30.5346,-25.9351,2020,-6.2744,1.6749,-6.5629,1.9634,0,-4.5995,38.7363,-10.5113,14.2991,,,,803596,1,ky-sbe,2026-09-06T15:38:49+00:00
party,2024,MD,president,5,-4.6767,28.5337,33.2104,2020,-4.2773,-0.3994,-4.2129,-0.4638,0,-4.6767,,26.3144,,-6.2778,,160.4021,,1,md-sbe,2026-09-06T15:38:49+00:00
party,2024,MD,senate,5,-22.7479,11.8015,34.5494,2018,-4.2773,-18.4706,-1.3022,-21.4457,0,-22.7479,,26.3144,,-6.2778,,160.4021,,1,md-sbe,2026-09-06T15:38:49+00:00
party,2024,ME,president,0,-2.1283,6.8461,8.9744,2020,-4.5932,2.4649,-4.8528,2.7245,0,-2.1283,44.9595,20.4896,58.5189,-13.993,-12.6111,59.8332,37876,1,me-sos,2026-09-06T15:38:49+00:00
party,2024,ME,senate,0,1.5712,-23.2132,-24.7844,2018,-4.5932,6.1644,-5.2426,6.8138,0,1.5712,44.9595,20.4896,58.5189,-13.993,-12.6111,59.8332,37876,1,me-sos,2026-09-06T15:38:49+00:00
party,2024,NC,president,0,-1.8638,-3.2119,-1.3481,2020,-5.7677,3.9039,-6.113,4.2492,0,-1.8638,79.3237,-1.1678,,-11.4167,,106.6301,4520768,1,nc-sbe,2026-09-06T15:38:49+00:00
party,2024,NV,president,1,-5.4891,-3.0985,2.3906,2020,-5.9947,0.5056,-6.0542,0.5651,0,-5.4891,,-5.3531,50.5818,,,,,2,uf-election-lab,2026-09-06T15:38:49+00:00
party,2024,NV,senate,1,-3.3844,1.6426,5.027,2018,-5.9947,2.6103,-6.302,2.9176,0,-3.3844,,-5.3531,50.5818,,,,,2,uf-election-lab,2026-09-06T15:38:49+00:00
party,2024,PA,president,0,-2.8746,-1.7097,1.1649,2020,-4.3284,1.4538,-4.5467,1.6721,0,-2.8746,27.8671,25.3715,,,,,1960226,1,pa-dos,2026-09-06T15:38:49+00:00
party,2024,PA,senate,0,-13.0874,-0.217,12.8704,2018,-4.3284,-8.759,-3.0131,-10.0743,0,-13.0874,28.1515,25.3715,,,,,1960226,1,pa-dos,2026-09-06T15:38:49+00:00
party_and_share,2022,NC,senate,0,2.4704,-3.2257,-5.6961,2016,-4.1387,6.6091,-5.2271,7.6975,0,2.4704,57.973,10.2489,8.0886,,,,2187856,1,nc-sbe,2026-09-06T15:38:49+00:00
party_and_share,2024,FL,president,0,-9.7417,-13.1,-3.3583,2020,-6.7382,-3.0035,-5.2864,-4.4553,0,-9.7417,83.8761,-13.2926,,,,,9137249,2,uf-election-lab,2026-09-06T15:38:49+00:00
party_and_share,2024,FL,senate,0,-12.6559,-12.7784,-0.1225,2018,-6.7146,-5.9413,-3.6863,-8.9696,0,-12.6559,84.939,-13.2926,,,,,9137249,2,uf-election-lab,2026-09-06T15:38:49+00:00
party_and_share,2024,IA,president,0,-5.0565,-13.2095,-8.153,2020,-6.1846,1.1281,-6.6979,1.6414,0,-5.0565,40.8954,-2.118,,,,,680297,1,ia-sos,2026-09-06T15:38:49+00:00
party_and_share,2024,KY,president,0,-4.5995,-30.5346,-25.9351,2020,-7.3641,2.7646,-12.1876,7.5881,0,-4.5995,38.7363,-10.5113,14.2991,,,,803596,1,ky-sbe,2026-09-06T15:38:49+00:00
party_and_share,2024,ME,president,0,-2.1283,6.8461,8.9744,2020,-3.0465,0.9182,-3.28,1.1517,0,-2.1283,44.9595,20.4896,58.5189,-13.993,-12.6111,59.8332,37876,1,me-sos,2026-09-06T15:38:49+00:00
party_and_share,2024,ME,senate,0,1.5712,-23.2132,-24.7844,2018,-3.0465,4.6177,-4.2204,5.7916,0,1.5712,44.9595,20.4896,58.5189,-13.993,-12.6111,59.8332,37876,1,me-sos,2026-09-06T15:38:49+00:00
party_and_share,2024,NC,president,0,-1.8638,-3.2119,-1.3481,2020,-5.2045,3.3407,-6.5363,4.6725,0,-1.8638,79.3237,-1.1678,,-11.4167,,106.6301,4520768,1,nc-sbe,2026-09-06T15:38:49+00:00
party_and_share,2024,PA,president,0,-2.8746,-1.7097,1.1649,2020,-2.7674,-0.1072,-2.7259,-0.1487,0,-2.8746,27.8671,25.3715,,,,,1960226,1,pa-dos,2026-09-06T15:38:49+00:00
party_and_share,2024,PA,senate,0,-13.0874,-0.217,12.8704,2018,-2.761,-10.3264,1.2019,-14.2893,0,-13.0874,28.1515,25.3715,,,,,1960226,1,pa-dos,2026-09-06T15:38:49+00:00
party_swing,2024,MD,president,5,-4.6767,28.5337,33.2104,2020,-13.3332,8.6565,-21.2658,16.5891,0,-4.6767,,26.3144,,-6.2778,,160.4021,,1,md-sbe,2026-09-06T15:38:49+00:00
party_swing,2024,MD,senate,5,-22.7479,11.8015,34.5494,2018,-13.3332,-9.4147,-4.7059,-18.042,0,-22.7479,,26.3144,,-6.2778,,160.4021,,1,md-sbe,2026-09-06T15:38:49+00:00
party_swing,2024,ME,president,0,-2.1283,6.8461,8.9744,2020,0.4776,-2.6059,2.3124,-4.4407,0,-2.1283,44.9595,20.4896,58.5189,-13.993,-12.6111,59.8332,37876,1,me-sos,2026-09-06T15:38:49+00:00
party_swing,2024,ME,senate,0,1.5712,-23.2132,-24.7844,2018,0.4776,1.0936,-0.2925,1.8637,0,1.5712,44.9595,20.4896,58.5189,-13.993,-12.6111,59.8332,37876,1,me-sos,2026-09-06T15:38:49+00:00
party_swing,2024,NC,president,0,-1.8638,-3.2119,-1.3481,2020,-4.1342,2.2704,-4.7644,2.9006,0,-1.8638,79.3237,-1.1678,,-11.4167,,106.6301,4520768,1,nc-sbe,2026-09-06T15:38:49+00:00
share,2022,NC,senate,0,2.4704,-3.2257,-5.6961,2016,-4.6344,7.1048,-5.0238,7.4942,0,2.4704,57.973,10.2489,8.0886,,,,2187856,1,nc-sbe,2026-09-06T15:38:49+00:00
share,2022,OH,senate,0,14.7594,-6.1119,-20.8713,2016,-2.7887,17.5481,-4.758,19.5174,0,14.7594,35.6608,,62.6791,,,,1473983,1,oh-sos,2026-09-06T15:38:49+00:00
share,2024,FL,president,0,-9.7417,-13.1,-3.3583,2020,-6.7771,-2.9646,-5.9598,-3.7819,0,-9.7417,83.8761,-13.2926,,,,,9137249,2,uf-election-lab,2026-09-06T15:38:49+00:00
share,2024,FL,senate,0,-12.6559,-12.7784,-0.1225,2018,-6.865,-5.7909,-5.1556,-7.5003,0,-12.6559,84.939,-13.2926,,,,,9137249,2,uf-election-lab,2026-09-06T15:38:49+00:00
share,2024,GA,president,0,-2.4276,-2.192,0.2356,2020,-6.1896,3.762,-6.8403,4.4127,0,-2.4276,76.7735,,6.5896,,,,4031303,2,uf-election-lab,2026-09-06T15:38:49+00:00
share,2024,IA,president,0,-5.0565,-13.2095,-8.153,2020,-3.2217,-1.8348,-3.0759,-1.9806,0,-5.0565,40.8954,-2.118,,,,,680297,1,ia-sos,2026-09-06T15:38:49+00:00
share,2024,KY,president,0,-4.5995,-30.5346,-25.9351,2020,-3.0431,-1.5564,-2.9009,-1.6986,0,-4.5995,38.7363,-10.5113,14.2991,,,,803596,1,ky-sbe,2026-09-06T15:38:49+00:00
share,2024,ME,president,0,-2.1283,6.8461,8.9744,2020,-3.5579,1.4296,-3.6477,1.5194,0,-2.1283,44.9595,20.4896,58.5189,-13.993,-12.6111,59.8332,37876,1,me-sos,2026-09-06T15:38:49+00:00
share,2024,ME,senate,0,1.5712,-23.2132,-24.7844,2018,-3.5579,5.1291,-3.8801,5.4513,0,1.5712,44.9595,20.4896,58.5189,-13.993,-12.6111,59.8332,37876,1,me-sos,2026-09-06T15:38:49+00:00
share,2024,MI,president,0,-4.1977,-1.4142,2.7835,2020,-4.6867,0.489,-4.7142,0.5165,0,-4.1977,58.6061,,,,,,331956,2,uf-election-lab,2026-09-06T15:38:49+00:00
share,2024,MI,senate,0,-6.1648,0.3408,6.5056,2018,-4.7624,-1.4024,-4.6806,-1.4842,0,-6.1648,59.5203,,,,,,331956,2,uf-election-lab,2026-09-06T15:38:49+00:00
share,2024,NC,president,0,-1.8638,-3.2119,-1.3481,2020,-6.4005,4.5367,-7.3302,5.4664,0,-1.8638,79.3237,-1.1678,,-11.4167,,106.6301,4520768,1,nc-sbe,2026-09-06T15:38:49+00:00
share,2024,OH,president,0,-3.1754,-11.2074,-8.032,2020,-3.5974,0.422,-3.6233,0.4479,0,-3.1754,45.4377,,41.3811,,-21.2979,77.8006,262075,1,oh-sos,2026-09-06T15:38:49+00:00
share,2024,OH,senate,0,-10.4645,-3.6187,6.8458,2018,-3.6391,-6.8254,-3.2305,-7.234,0,-10.4645,45.9408,,41.3811,,-21.2979,77.8006,262075,1,oh-sos,2026-09-06T15:38:49+00:00
share,2024,PA,president,0,-2.8746,-1.7097,1.1649,2020,-2.144,-0.7306,-2.0053,-0.8693,0,-2.8746,27.8671,25.3715,,,,,1960226,1,pa-dos,2026-09-06T15:38:49+00:00
share,2024,PA,senate,0,-13.0874,-0.217,12.8704,2018,-2.1675,-10.9199,-0.134,-12.9534,0,-13.0874,28.1515,25.3715,,,,,1960226,1,pa-dos,2026-09-06T15:38:49+00:00
share,2024,SC,president,0,-6.191,-17.8677,-11.6767,2020,-4.9651,-1.2259,-4.8843,-1.3067,0,-6.191,61.9712,,6.8044,,,,1579112,1,sc-sec,2026-09-06T15:38:49+00:00
share,2024,VA,president,0,-4.3475,5.7665,10.114,2020,-4.205,-0.1425,-4.1979,-0.1496,0,-4.3475,52.7823,,21.8019,,-9.5084,139.5549,2376938,1,va-elect,2026-09-06T15:38:49+00:00
share,2024,VA,senate,0,-7.0602,8.9349,15.9951,2018,-4.2617,-2.7985,-4.1217,-2.9385,0,-7.0602,53.468,,21.8019,,-9.5084,139.5549,2376938,1,va-elect,2026-09-06T15:38:49+00:00
share,2024,WI,president,0,-1.486,-0.8589,0.6271,2020,-3.6046,2.1186,-3.734,2.248,0,-1.486,45.5242,,37.9398,,,,1558257,1,wi-wec,2026-09-06T15:38:49+00:00
share,2024,WI,senate,0,-9.9882,0.8488,10.837,2018,-3.6403,-6.3479,-3.2606,-6.7276,0,-9.9882,45.9556,,37.9398,,,,1558257,1,wi-wec,2026-09-06T15:38:49+00:00
uniform,2022,KY,senate,4,-9.0679,-23.6167,-14.5488,2016,-4.9724,-4.0955,-4.8586,-4.2093,0,-9.0679,,2.6044,21.2279,,,,,1,ky-sbe,2026-09-06T15:38:49+00:00
uniform,2022,MD,senate,5,6.48,31.6931,25.2131,2016,-4.9724,11.4524,-5.2905,11.7705,0,6.48,,32.5922,,,,,,1,md-sbe,2026-09-06T15:38:49+00:00
uniform,2022,NC,senate,0,2.4704,-3.2257,-5.6961,2016,-4.9724,7.4428,-5.1791,7.6495,0,2.4704,57.973,10.2489,8.0886,,,,2187856,1,nc-sbe,2026-09-06T15:38:49+00:00
uniform,2022,OH,senate,0,14.7594,-6.1119,-20.8713,2016,-4.9724,19.7318,-5.5205,20.2799,0,14.7594,35.6608,,62.6791,,,,1473983,1,oh-sos,2026-09-06T15:38:49+00:00
uniform,2022,SC,senate,18,0.3311,-25.8688,-26.1999,2016,-4.9724,5.3035,-5.1197,5.4508,0,0.3311,,,,,,,16975,,,2026-09-06T15:38:49+00:00
uniform,2024,AZ,president,99,-5.8373,-5.5286,0.3087,2020,-4.9724,-0.8649,-4.9483,-0.889,0,-5.8373,,,,,,,,,,2026-09-06T15:38:49+00:00
uniform,2024,AZ,senate,99,0.0622,2.4067,2.3445,2018,-4.9724,5.0346,-5.1122,5.1744,0,0.0622,,,,,,,,,,2026-09-06T15:38:49+00:00
uniform,2024,CO,president,5,-2.4221,10.9849,13.407,2020,-4.9724,2.5503,-5.0432,2.6211,0,-2.4221,,3.2773,97.6783,,,,,1,co-sos,2026-09-06T15:38:49+00:00
uniform,2024,FL,president,0,-9.7417,-13.1,-3.3583,2020,-4.9724,-4.7693,-4.8399,-4.9018,0,-9.7417,83.8761,-13.2926,,,,,9137249,2,uf-election-lab,2026-09-06T15:38:49+00:00
uniform,2024,FL,senate,0,-12.6559,-12.7784,-0.1225,2018,-4.9724,-7.6835,-4.7589,-7.897,0,-12.6559,84.939,-13.2926,,,,,9137249,2,uf-election-lab,2026-09-06T15:38:49+00:00
uniform,2024,GA,president,0,-2.4276,-2.192,0.2356,2020,-4.9724,2.5448,-5.0431,2.6155,0,-2.4276,76.7735,,6.5896,,,,4031303,2,uf-election-lab,2026-09-06T15:38:49+00:00
uniform,2024,IA,president,0,-5.0565,-13.2095,-8.153,2020,-4.9724,-0.0841,-4.97,-0.0865,0,-5.0565,40.8954,-2.118,,,,,680297,1,ia-sos,2026-09-06T15:38:49+00:00
uniform,2024,IL,president,1,-6.0925,10.8956,16.9881,2020,-4.9724,-1.1201,-4.9413,-1.1512,0,-6.0925,,,34.924,,,,,2,uf-election-lab,2026-09-06T15:38:49+00:00
uniform,2024,KY,president,0,-4.5995,-30.5346,-25.9351,2020,-4.9724,0.3729,-4.9827,0.3832,0,-4.5995,38.7363,-10.5113,14.2991,,,,803596,1,ky-sbe,2026-09-06T15:38:49+00:00
uniform,2024,MD,president,5,-4.6767,28.5337,33.2104,2020,-4.9724,0.2957,-4.9806,0.3039,0,-4.6767,,26.3144,,-6.2778,,160.4021,,1,md-sbe,2026-09-06T15:38:49+00:00
uniform,2024,MD,senate,5,-22.7479,11.8015,34.5494,2018,-4.9724,-17.7755,-4.4786,-18.2693,0,-22.7479,,26.3144,,-6.2778,,160.4021,,1,md-sbe,2026-09-06T15:38:49+00:00
uniform,2024,ME,president,0,-2.1283,6.8461,8.9744,2020,-4.9724,2.8441,-5.0514,2.9231,0,-2.1283,44.9595,20.4896,58.5189,-13.993,-12.6111,59.8332,37876,1,me-sos,2026-09-06T15:38:49+00:00
uniform,2024,ME,senate,0,1.5712,-23.2132,-24.7844,2018,-4.9724,6.5436,-5.1541,6.7253,0,1.5712,44.9595,20.4896,58.5189,-13.993,-12.6111,59.8332,37876,1,me-sos,2026-09-06T15:38:49+00:00
uniform,2024,MI,president,0,-4.1977,-1.4142,2.7835,2020,-4.9724,0.7747,-4.9939,0.7962,0,-4.1977,58.6061,,,,,,331956,2,uf-election-lab,2026-09-06T15:38:49+00:00
uniform,2024,MI,senate,0,-6.1648,0.3408,6.5056,2018,-4.9724,-1.1924,-4.9392,-1.2256,0,-6.1648,59.5203,,,,,,331956,2,uf-election-lab,2026-09-06T15:38:49+00:00
uniform,2024,NC,president,0,-1.8638,-3.2119,-1.3481,2020,-4.9724,3.1086,-5.0587,3.1949,0,-1.8638,79.3237,-1.1678,,-11.4167,,106.6301,4520768,1,nc-sbe,2026-09-06T15:38:49+00:00
uniform,2024,NV,president,1,-5.4891,-3.0985,2.3906,2020,-4.9724,-0.5167,-4.958,-0.5311,0,-5.4891,,-5.3531,50.5818,,,,,2,uf-election-lab,2026-09-06T15:38:49+00:00
uniform,2024,NV,senate,1,-3.3844,1.6426,5.027,2018,-4.9724,1.588,-5.0165,1.6321,0,-3.3844,,-5.3531,50.5818,,,,,2,uf-election-lab,2026-09-06T15:38:49+00:00
uniform,2024,OH,president,0,-3.1754,-11.2074,-8.032,2020,-4.9724,1.797,-5.0223,1.8469,0,-3.1754,45.4377,,41.3811,,-21.2979,77.8006,262075,1,oh-sos,2026-09-06T15:38:49+00:00
uniform,2024,OH,senate,0,-10.4645,-3.6187,6.8458,2018,-4.9724,-5.4921,-4.8198,-5.6447,0,-10.4645,45.9408,,41.3811,,-21.2979,77.8006,262075,1,oh-sos,2026-09-06T15:38:49+00:00
uniform,2024,PA,president,0,-2.8746,-1.7097,1.1649,2020,-4.9724,2.0978,-5.0306,2.156,0,-2.8746,27.8671,25.3715,,,,,1960226,1,pa-dos,2026-09-06T15:38:49+00:00
uniform,2024,PA,senate,0,-13.0874,-0.217,12.8704,2018,-4.9724,-8.115,-4.7469,-8.3405,0,-13.0874,28.1515,25.3715,,,,,1960226,1,pa-dos,2026-09-06T15:38:49+00:00
uniform,2024,SC,president,0,-6.191,-17.8677,-11.6767,2020,-4.9724,-1.2186,-4.9385,-1.2525,0,-6.191,61.9712,,6.8044,,,,1579112,1,sc-sec,2026-09-06T15:38:49+00:00
uniform,2024,SD,president,11,-3.0305,-29.1946,-26.1641,2020,-4.9724,1.9419,-5.0263,1.9958,0,-3.0305,,,,,,,,,,2026-09-06T15:38:49+00:00
uniform,2024,TN,president,5,-6.5109,-29.7198,-23.2089,2020,-4.9724,-1.5385,-4.9296,-1.5813,0,-6.5109,,,3.7137,,,151.0379,,1,tn-sos,2026-09-06T15:38:49+00:00
uniform,2024,TN,senate,5,-18.8472,-29.6342,-10.787,2018,-4.9724,-13.8748,-4.587,-14.2602,0,-18.8472,,,3.7137,,,151.0379,,1,tn-sos,2026-09-06T15:38:49+00:00
uniform,2024,TX,president,4,-8.1047,-13.6833,-5.5786,2020,-4.9724,-3.1323,-4.8854,-3.2193,0,-8.1047,,,3.781,,-1.9939,64.7879,,1,tx-sos,2026-09-06T15:38:49+00:00
uniform,2024,TX,senate,4,-5.9301,-8.4973,-2.5672,2018,-4.9724,-0.9577,-4.9458,-0.9843,0,-5.9301,,,3.781,,-1.9939,64.7879,,1,tx-sos,2026-09-06T15:38:49+00:00
uniform,2024,VA,president,0,-4.3475,5.7665,10.114,2020,-4.9724,0.6249,-4.9897,0.6422,0,-4.3475,52.7823,,21.8019,,-9.5084,139.5549,2376938,1,va-elect,2026-09-06T15:38:49+00:00
uniform,2024,VA,senate,0,-7.0602,8.9349,15.9951,2018,-4.9724,-2.0878,-4.9144,-2.1458,0,-7.0602,53.468,,21.8019,,-9.5084,139.5549,2376938,1,va-elect,2026-09-06T15:38:49+00:00
uniform,2024,WI,president,0,-1.486,-0.8589,0.6271,2020,-4.9724,3.4864,-5.0692,3.5832,0,-1.486,45.5242,,37.9398,,,,1558257,1,wi-wec,2026-09-06T15:38:49+00:00
uniform,2024,WI,senate,0,-9.9882,0.8488,10.837,2018,-4.9724,-5.0158,-4.833,-5.1552,0,-9.9882,45.9556,,37.9398,,,,1558257,1,wi-wec,2026-09-06T15:38:49+00:00
