cycle,state,cd_code,date,days_to_election,ballots_total,ballots_new,mail_returned,inperson,party_dem,party_rep,party_oth,party_npa,basis,source_tier,source_name,retrieved_at
2026,AZ,AZ-02,2026-10-05,29,155,,155,,99,20,37,,apportioned,2,civicapi,2026-10-05T19:03:36+00:00
2026,AZ,AZ-02,2026-10-06,28,155,,155,,99,20,37,,apportioned,2,civicapi,2026-10-07T04:18:15+00:00
2026,AZ,AZ-02,2026-10-07,27,189,,189,,114,30,46,,apportioned,2,civicapi,2026-10-07T19:43:47+00:00
2026,AZ,AZ-02,2026-10-08,26,1385,,1385,,620,447,319,,apportioned,2,civicapi,2026-10-08T22:53:21+00:00
2026,AZ,AZ-02,2026-10-09,25,1966,,1966,,790,743,431,,apportioned,2,civicapi,2026-10-09T12:34:12+00:00
2026,AZ,AZ-05,2026-10-05,29,44,,44,,25,6,13,,apportioned,2,civicapi,2026-10-05T19:03:36+00:00
2026,AZ,AZ-05,2026-10-06,28,44,,44,,25,6,13,,apportioned,2,civicapi,2026-10-07T04:18:15+00:00
2026,AZ,AZ-05,2026-10-07,27,44,,44,,25,6,13,,apportioned,2,civicapi,2026-10-07T19:43:47+00:00
2026,AZ,AZ-05,2026-10-08,26,186,,186,,65,70,51,,apportioned,2,civicapi,2026-10-09T04:33:48+00:00
2026,AZ,AZ-05,2026-10-09,25,260,,260,,88,104,69,,apportioned,2,civicapi,2026-10-09T23:48:41+00:00
2026,AZ,AZ-06,2026-10-05,29,22,,22,,12,3,6,,apportioned,2,civicapi,2026-10-05T19:03:36+00:00
2026,AZ,AZ-06,2026-10-06,28,22,,22,,12,3,6,,apportioned,2,civicapi,2026-10-07T04:18:15+00:00
2026,AZ,AZ-06,2026-10-07,27,612,,612,,461,42,,,apportioned,2,civicapi,2026-10-08T00:00:50+00:00
2026,AZ,AZ-06,2026-10-08,26,914,,914,,576,164,174,,apportioned,2,civicapi,2026-10-09T04:33:48+00:00
2026,AZ,AZ-06,2026-10-09,25,1282,,1282,,728,279,275,,apportioned,2,civicapi,2026-10-09T19:15:11+00:00
2026,AZ,AZ-07,2026-10-05,29,26,,26,,15,8,3,,apportioned,2,civicapi,2026-10-05T19:03:36+00:00
2026,AZ,AZ-07,2026-10-06,28,32,,32,,17,10,4,,apportioned,2,civicapi,2026-10-07T04:18:15+00:00
2026,AZ,AZ-07,2026-10-07,27,344,,344,,255,30,58,,apportioned,2,civicapi,2026-10-07T19:43:47+00:00
2026,AZ,AZ-07,2026-10-08,26,555,,555,,346,93,115,,apportioned,2,civicapi,2026-10-08T17:11:35+00:00
2026,AZ,AZ-07,2026-10-09,25,716,,716,,410,146,161,,apportioned,2,civicapi,2026-10-09T19:15:11+00:00
2026,AZ,AZ-09,2026-10-05,29,29,,29,,16,9,4,,apportioned,2,civicapi,2026-10-05T19:03:36+00:00
2026,AZ,AZ-09,2026-10-06,28,34,,34,,18,12,5,,apportioned,2,civicapi,2026-10-07T04:18:15+00:00
2026,AZ,AZ-09,2026-10-07,27,39,,39,,20,15,,,apportioned,2,civicapi,2026-10-07T19:43:47+00:00
2026,AZ,AZ-09,2026-10-08,26,88,,88,,36,34,,,apportioned,2,civicapi,2026-10-08T08:24:43+00:00
2026,AZ,AZ-09,2026-10-09,25,696,,696,,144,383,,,apportioned,2,civicapi,2026-10-09T12:34:12+00:00
