cycle,state,town_geoid,town_name,county_fips,date,days_to_election,ballots_total,ballots_new,mail_returned,inperson,party_dem,party_rep,party_oth,party_npa,source_tier,source_name,retrieved_at
2024,CT,0900104720,Bethel town,09001,2024-11-05,0,6143,,627,5516,,,,,1,ct-sots,2026-09-09T18:45:05+00:00
2024,CT,0900108070,Bridgeport town,09001,2024-11-05,0,12894,,2302,10592,,,,,1,ct-sots,2026-09-09T18:45:05+00:00
2024,CT,0900108980,Brookfield town,09001,2024-11-05,0,6393,,841,5552,,,,,1,ct-sots,2026-09-09T18:45:05+00:00
2024,CT,0900118500,Danbury town,09001,2024-11-05,0,10824,,1898,8926,,,,,1,ct-sots,2026-09-09T18:45:05+00:00
2024,CT,0900118850,Darien town,09001,2024-11-05,0,8101,,1203,6898,,,,,1,ct-sots,2026-09-09T18:45:05+00:00
2024,CT,0900123890,Easton town,09001,2024-11-05,0,2846,,415,2431,,,,,1,ct-sots,2026-09-09T18:45:05+00:00
2024,CT,0900126620,Fairfield town,09001,2024-11-05,0,19041,,2893,16148,,,,,1,ct-sots,2026-09-09T18:45:05+00:00
2024,CT,0900133620,Greenwich town,09001,2024-11-05,0,16268,,4030,12238,,,,,1,ct-sots,2026-09-09T18:45:05+00:00
2024,CT,0900148620,Monroe town,09001,2024-11-05,0,5748,,574,5174,,,,,1,ct-sots,2026-09-09T18:45:05+00:00
2024,CT,0900150580,New Canaan town,09001,2024-11-05,0,6849,,1336,5513,,,,,1,ct-sots,2026-09-09T18:45:05+00:00
2024,CT,0900150860,New Fairfield town,09001,2024-11-05,0,4785,,746,4039,,,,,1,ct-sots,2026-09-09T18:45:05+00:00
2024,CT,0900152980,Newtown town,09001,2024-11-05,0,10145,,1395,8750,,,,,1,ct-sots,2026-09-09T18:45:05+00:00
2024,CT,0900156060,Norwalk town,09001,2024-11-05,0,20251,,2781,17470,,,,,1,ct-sots,2026-09-09T18:45:05+00:00
2024,CT,0900163480,Redding town,09001,2024-11-05,0,3730,,610,3120,,,,,1,ct-sots,2026-09-09T18:45:05+00:00
2024,CT,0900163970,Ridgefield town,09001,2024-11-05,0,8428,,1730,6698,,,,,1,ct-sots,2026-09-09T18:45:05+00:00
2024,CT,0900168170,Shelton town,09001,2024-11-05,0,9674,,1803,7871,,,,,1,ct-sots,2026-09-09T18:45:05+00:00
2024,CT,0900168310,Sherman town,09001,2024-11-05,0,1338,,167,1171,,,,,1,ct-sots,2026-09-09T18:45:05+00:00
2024,CT,0900173070,Stamford town,09001,2024-11-05,0,21273,,4931,16342,,,,,1,ct-sots,2026-09-09T18:45:05+00:00
2024,CT,0900174190,Stratford town,09001,2024-11-05,0,13181,,1458,11723,,,,,1,ct-sots,2026-09-09T18:45:05+00:00
2024,CT,0900177200,Trumbull town,09001,2024-11-05,0,12160,,1586,10574,,,,,1,ct-sots,2026-09-09T18:45:05+00:00
2024,CT,0900183430,Weston town,09001,2024-11-05,0,3711,,611,3100,,,,,1,ct-sots,2026-09-09T18:45:05+00:00
2024,CT,0900183500,Westport town,09001,2024-11-05,0,9768,,1708,8060,,,,,1,ct-sots,2026-09-09T18:45:05+00:00
2024,CT,0900186370,Wilton town,09001,2024-11-05,0,7073,,1114,5959,,,,,1,ct-sots,2026-09-09T18:45:05+00:00
2024,CT,0900302060,Avon town,09003,2024-11-05,0,6512,,987,5525,,,,,1,ct-sots,2026-09-09T18:45:05+00:00
2024,CT,0900304300,Berlin town,09003,2024-11-05,0,5516,,870,4646,,,,,1,ct-sots,2026-09-09T18:45:05+00:00
2024,CT,0900305910,Bloomfield town,09003,2024-11-05,0,7518,,1121,6397,,,,,1,ct-sots,2026-09-09T18:45:05+00:00
2024,CT,0900308490,Bristol town,09003,2024-11-05,0,10365,,1637,8728,,,,,1,ct-sots,2026-09-09T18:45:05+00:00
2024,CT,0900310100,Burlington town,09003,2024-11-05,0,4119,,323,3796,,,,,1,ct-sots,2026-09-09T18:45:05+00:00
2024,CT,0900312270,Canton town,09003,2024-11-05,0,4082,,511,3571,,,,,1,ct-sots,2026-09-09T18:45:05+00:00
2024,CT,0900322070,East Granby town,09003,2024-11-05,0,1707,,140,1567,,,,,1,ct-sots,2026-09-09T18:45:05+00:00
2024,CT,0900322630,East Hartford town,09003,2024-11-05,0,6002,,893,5109,,,,,1,ct-sots,2026-09-09T18:45:05+00:00
2024,CT,0900324800,East Windsor town,09003,2024-11-05,0,3307,,387,2920,,,,,1,ct-sots,2026-09-09T18:45:05+00:00
2024,CT,0900325990,Enfield town,09003,2024-11-05,0,9220,,1598,7622,,,,,1,ct-sots,2026-09-09T18:45:05+00:00
2024,CT,0900327600,Farmington town,09003,2024-11-05,0,8772,,1387,7385,,,,,1,ct-sots,2026-09-09T18:45:05+00:00
2024,CT,0900331240,Glastonbury town,09003,2024-11-05,0,11762,,1551,10211,,,,,1,ct-sots,2026-09-09T18:45:05+00:00
2024,CT,0900332640,Granby town,09003,2024-11-05,0,4150,,506,3644,,,,,1,ct-sots,2026-09-09T18:45:05+00:00
2024,CT,0900337070,Hartford town,09003,2024-11-05,0,9320,,2020,7300,,,,,1,ct-sots,2026-09-09T18:45:05+00:00
2024,CT,0900337140,Hartland town,09003,2024-11-05,0,612,,60,552,,,,,1,ct-sots,2026-09-09T18:45:05+00:00
2024,CT,0900344700,Manchester town,09003,2024-11-05,0,12083,,1260,10823,,,,,1,ct-sots,2026-09-09T18:45:05+00:00
2024,CT,0900345820,Marlborough town,09003,2024-11-05,0,2126,,272,1854,,,,,1,ct-sots,2026-09-09T18:45:05+00:00
2024,CT,0900350440,New Britain town,09003,2024-11-05,0,7004,,1105,5899,,,,,1,ct-sots,2026-09-09T18:45:05+00:00
2024,CT,0900352140,Newington town,09003,2024-11-05,0,7223,,1043,6180,,,,,1,ct-sots,2026-09-09T18:45:05+00:00
2024,CT,0900360120,Plainville town,09003,2024-11-05,0,3134,,419,2715,,,,,1,ct-sots,2026-09-09T18:45:05+00:00
2024,CT,0900365370,Rocky Hill town,09003,2024-11-05,0,4980,,820,4160,,,,,1,ct-sots,2026-09-09T18:45:05+00:00
2024,CT,0900368940,Simsbury town,09003,2024-11-05,0,9558,,1312,8246,,,,,1,ct-sots,2026-09-09T18:45:05+00:00
2024,CT,0900370550,Southington town,09003,2024-11-05,0,10556,,1640,8916,,,,,1,ct-sots,2026-09-09T18:45:05+00:00
2024,CT,0900371390,South Windsor town,09003,2024-11-05,0,7308,,1195,6113,,,,,1,ct-sots,2026-09-09T18:45:05+00:00
2024,CT,0900374540,Suffield town,09003,2024-11-05,0,4575,,598,3977,,,,,1,ct-sots,2026-09-09T18:45:05+00:00
2024,CT,0900382590,West Hartford town,09003,2024-11-05,0,19721,,2920,16801,,,,,1,ct-sots,2026-09-09T18:45:05+00:00
2024,CT,0900384900,Wethersfield town,09003,2024-11-05,0,7953,,894,7059,,,,,1,ct-sots,2026-09-09T18:45:05+00:00
2024,CT,0900387000,Windsor town,09003,2024-11-05,0,8613,,994,7619,,,,,1,ct-sots,2026-09-09T18:45:05+00:00
2024,CT,0900387070,Windsor Locks town,09003,2024-11-05,0,3084,,420,2664,,,,,1,ct-sots,2026-09-09T18:45:05+00:00
2024,CT,0900502760,Barkhamsted town,09005,2024-11-05,0,1247,,137,1110,,,,,1,ct-sots,2026-09-09T18:45:05+00:00
2024,CT,0900504930,Bethlehem town,09005,2024-11-05,0,1281,,101,1180,,,,,1,ct-sots,2026-09-09T18:45:05+00:00
2024,CT,0900508210,Bridgewater town,09005,2024-11-05,0,667,,87,580,,,,,1,ct-sots,2026-09-09T18:45:05+00:00
2024,CT,0900510940,Canaan town,09005,2024-11-05,0,347,,44,303,,,,,1,ct-sots,2026-09-09T18:45:05+00:00
2024,CT,0900516050,Colebrook town,09005,2024-11-05,0,396,,33,363,,,,,1,ct-sots,2026-09-09T18:45:05+00:00
2024,CT,0900517240,Cornwall town,09005,2024-11-05,0,630,,99,531,,,,,1,ct-sots,2026-09-09T18:45:05+00:00
2024,CT,0900532290,Goshen town,09005,2024-11-05,0,1148,,148,1000,,,,,1,ct-sots,2026-09-09T18:45:05+00:00
2024,CT,0900537280,Harwinton town,09005,2024-11-05,0,1949,,210,1739,,,,,1,ct-sots,2026-09-09T18:45:05+00:00
2024,CT,0900540290,Kent town,09005,2024-11-05,0,1136,,196,940,,,,,1,ct-sots,2026-09-09T18:45:05+00:00
2024,CT,0900543370,Litchfield town,09005,2024-11-05,0,2535,,321,2214,,,,,1,ct-sots,2026-09-09T18:45:05+00:00
2024,CT,0900549460,Morris town,09005,2024-11-05,0,657,,73,584,,,,,1,ct-sots,2026-09-09T18:45:05+00:00
2024,CT,0900551350,New Hartford town,09005,2024-11-05,0,2257,,242,2015,,,,,1,ct-sots,2026-09-09T18:45:05+00:00
2024,CT,0900552630,New Milford town,09005,2024-11-05,0,7737,,781,6956,,,,,1,ct-sots,2026-09-09T18:45:05+00:00
2024,CT,0900553470,Norfolk town,09005,2024-11-05,0,475,,57,418,,,,,1,ct-sots,2026-09-09T18:45:05+00:00
2024,CT,0900554030,North Canaan town,09005,2024-11-05,0,725,,130,595,,,,,1,ct-sots,2026-09-09T18:45:05+00:00
2024,CT,0900560750,Plymouth town,09005,2024-11-05,0,3257,,277,2980,,,,,1,ct-sots,2026-09-09T18:45:05+00:00
2024,CT,0900565930,Roxbury town,09005,2024-11-05,0,897,,141,756,,,,,1,ct-sots,2026-09-09T18:45:05+00:00
2024,CT,0900566420,Salisbury town,09005,2024-11-05,0,1807,,236,1571,,,,,1,ct-sots,2026-09-09T18:45:05+00:00
2024,CT,0900567960,Sharon town,09005,2024-11-05,0,1066,,131,935,,,,,1,ct-sots,2026-09-09T18:45:05+00:00
2024,CT,0900575730,Thomaston town,09005,2024-11-05,0,2308,,205,2103,,,,,1,ct-sots,2026-09-09T18:45:05+00:00
2024,CT,0900576570,Torrington town,09005,2024-11-05,0,6777,,1074,5703,,,,,1,ct-sots,2026-09-09T18:45:05+00:00
2024,CT,0900579510,Warren town,09005,2024-11-05,0,470,,58,412,,,,,1,ct-sots,2026-09-09T18:45:05+00:00
2024,CT,0900579720,Washington town,09005,2024-11-05,0,1227,,223,1004,,,,,1,ct-sots,2026-09-09T18:45:05+00:00
2024,CT,0900580490,Watertown town,09005,2024-11-05,0,5370,,681,4689,,,,,1,ct-sots,2026-09-09T18:45:05+00:00
2024,CT,0900586440,Winchester town,09005,2024-11-05,0,2424,,314,2110,,,,,1,ct-sots,2026-09-09T18:45:05+00:00
2024,CT,0900587910,Woodbury town,09005,2024-11-05,0,4096,,400,3696,,,,,1,ct-sots,2026-09-09T18:45:05+00:00
2024,CT,0900714300,Chester town,09007,2024-11-05,0,1580,,211,1369,,,,,1,ct-sots,2026-09-09T18:45:05+00:00
2024,CT,0900715350,Clinton town,09007,2024-11-05,0,5567,,523,5044,,,,,1,ct-sots,2026-09-09T18:45:05+00:00
2024,CT,0900718080,Cromwell town,09007,2024-11-05,0,4287,,515,3772,,,,,1,ct-sots,2026-09-09T18:45:05+00:00
2024,CT,0900719130,Deep River town,09007,2024-11-05,0,1537,,164,1373,,,,,1,ct-sots,2026-09-09T18:45:05+00:00
2024,CT,0900720810,Durham town,09007,2024-11-05,0,2192,,330,1862,,,,,1,ct-sots,2026-09-09T18:45:05+00:00
2024,CT,0900722280,East Haddam town,09007,2024-11-05,0,2986,,277,2709,,,,,1,ct-sots,2026-09-09T18:45:05+00:00
2024,CT,0900722490,East Hampton town,09007,2024-11-05,0,4593,,466,4127,,,,,1,ct-sots,2026-09-09T18:45:05+00:00
2024,CT,0900726270,Essex town,09007,2024-11-05,0,2831,,416,2415,,,,,1,ct-sots,2026-09-09T18:45:05+00:00
2024,CT,0900735230,Haddam town,09007,2024-11-05,0,2826,,327,2499,,,,,1,ct-sots,2026-09-09T18:45:05+00:00
2024,CT,0900740710,Killingworth town,09007,2024-11-05,0,2433,,312,2121,,,,,1,ct-sots,2026-09-09T18:45:05+00:00
2024,CT,0900747080,Middlefield town,09007,2024-11-05,0,1553,,136,1417,,,,,1,ct-sots,2026-09-09T18:45:05+00:00
2024,CT,0900747360,Middletown town,09007,2024-11-05,0,9534,,1355,8179,,,,,1,ct-sots,2026-09-09T18:45:05+00:00
2024,CT,0900757320,Old Saybrook town,09007,2024-11-05,0,4282,,690,3592,,,,,1,ct-sots,2026-09-09T18:45:05+00:00
2024,CT,0900761800,Portland town,09007,2024-11-05,0,3188,,462,2726,,,,,1,ct-sots,2026-09-09T18:45:05+00:00
2024,CT,0900781680,Westbrook town,09007,2024-11-05,0,2609,,325,2284,,,,,1,ct-sots,2026-09-09T18:45:05+00:00
2024,CT,0900901220,Ansonia town,09009,2024-11-05,0,3101,,340,2761,,,,,1,ct-sots,2026-09-09T18:45:05+00:00
2024,CT,0900903250,Beacon Falls town,09009,2024-11-05,0,1546,,188,1358,,,,,1,ct-sots,2026-09-09T18:45:05+00:00
2024,CT,0900904580,Bethany town,09009,2024-11-05,0,1999,,154,1845,,,,,1,ct-sots,2026-09-09T18:45:05+00:00
2024,CT,0900907310,Branford town,09009,2024-11-05,0,9709,,1314,8395,,,,,1,ct-sots,2026-09-09T18:45:05+00:00
2024,CT,0900914160,Cheshire town,09009,2024-11-05,0,8645,,1374,7271,,,,,1,ct-sots,2026-09-09T18:45:05+00:00
2024,CT,0900919550,Derby town,09009,2024-11-05,0,1873,,365,1508,,,,,1,ct-sots,2026-09-09T18:45:05+00:00
2024,CT,0900922910,East Haven town,09009,2024-11-05,0,5809,,957,4852,,,,,1,ct-sots,2026-09-09T18:45:05+00:00
2024,CT,0900934950,Guilford town,09009,2024-11-05,0,8217,,1047,7170,,,,,1,ct-sots,2026-09-09T18:45:05+00:00
2024,CT,0900935650,Hamden town,09009,2024-11-05,0,14771,,1626,13145,,,,,1,ct-sots,2026-09-09T18:45:05+00:00
2024,CT,0900944560,Madison town,09009,2024-11-05,0,8495,,1100,7395,,,,,1,ct-sots,2026-09-09T18:45:05+00:00
2024,CT,0900946520,Meriden town,09009,2024-11-05,0,9025,,1592,7433,,,,,1,ct-sots,2026-09-09T18:45:05+00:00
2024,CT,0900946940,Middlebury town,09009,2024-11-05,0,2910,,280,2630,,,,,1,ct-sots,2026-09-09T18:45:05+00:00
2024,CT,0900947535,Milford town,09009,2024-11-05,0,16964,,2270,14694,,,,,1,ct-sots,2026-09-09T18:45:05+00:00
2024,CT,0900949950,Naugatuck town,09009,2024-11-05,0,5352,,592,4760,,,,,1,ct-sots,2026-09-09T18:45:05+00:00
2024,CT,0900952070,New Haven town,09009,2024-11-05,0,9993,,1971,8022,,,,,1,ct-sots,2026-09-09T18:45:05+00:00
2024,CT,0900953890,North Branford town,09009,2024-11-05,0,4194,,386,3808,,,,,1,ct-sots,2026-09-09T18:45:05+00:00
2024,CT,0900954870,North Haven town,09009,2024-11-05,0,6155,,751,5404,,,,,1,ct-sots,2026-09-09T18:45:05+00:00
2024,CT,0900957600,Orange town,09009,2024-11-05,0,5188,,784,4404,,,,,1,ct-sots,2026-09-09T18:45:05+00:00
2024,CT,0900958300,Oxford town,09009,2024-11-05,0,4017,,421,3596,,,,,1,ct-sots,2026-09-09T18:45:05+00:00
2024,CT,0900962290,Prospect town,09009,2024-11-05,0,2680,,288,2392,,,,,1,ct-sots,2026-09-09T18:45:05+00:00
2024,CT,0900967610,Seymour town,09009,2024-11-05,0,3410,,420,2990,,,,,1,ct-sots,2026-09-09T18:45:05+00:00
2024,CT,0900969640,Southbury town,09009,2024-11-05,0,8194,,1342,6852,,,,,1,ct-sots,2026-09-09T18:45:05+00:00
2024,CT,0900978740,Wallingford town,09009,2024-11-05,0,9538,,1686,7852,,,,,1,ct-sots,2026-09-09T18:45:05+00:00
2024,CT,0900980070,Waterbury town,09009,2024-11-05,0,8987,,1696,7291,,,,,1,ct-sots,2026-09-09T18:45:05+00:00
2024,CT,0900982870,West Haven town,09009,2024-11-05,0,8520,,1122,7398,,,,,1,ct-sots,2026-09-09T18:45:05+00:00
2024,CT,0900987560,Wolcott town,09009,2024-11-05,0,3194,,418,2776,,,,,1,ct-sots,2026-09-09T18:45:05+00:00
2024,CT,0900987700,Woodbridge town,09009,2024-11-05,0,3526,,456,3070,,,,,1,ct-sots,2026-09-09T18:45:05+00:00
2024,CT,0901106820,Bozrah town,09011,2024-11-05,0,623,,119,504,,,,,1,ct-sots,2026-09-09T18:45:05+00:00
2024,CT,0901115910,Colchester town,09011,2024-11-05,0,5353,,544,4809,,,,,1,ct-sots,2026-09-09T18:45:05+00:00
2024,CT,0901123400,East Lyme town,09011,2024-11-05,0,7032,,875,6157,,,,,1,ct-sots,2026-09-09T18:45:05+00:00
2024,CT,0901129910,Franklin town,09011,2024-11-05,0,477,,38,439,,,,,1,ct-sots,2026-09-09T18:45:05+00:00
2024,CT,0901133900,Griswold town,09011,2024-11-05,0,3126,,207,2919,,,,,1,ct-sots,2026-09-09T18:45:05+00:00
2024,CT,0901134250,Groton town,09011,2024-11-05,0,7892,,1420,6472,,,,,1,ct-sots,2026-09-09T18:45:05+00:00
2024,CT,0901142390,Lebanon town,09011,2024-11-05,0,2112,,157,1955,,,,,1,ct-sots,2026-09-09T18:45:05+00:00
2024,CT,0901142600,Ledyard town,09011,2024-11-05,0,3981,,362,3619,,,,,1,ct-sots,2026-09-09T18:45:05+00:00
2024,CT,0901143230,Lisbon town,09011,2024-11-05,0,1094,,71,1023,,,,,1,ct-sots,2026-09-09T18:45:05+00:00
2024,CT,0901144210,Lyme town,09011,2024-11-05,0,1075,,120,955,,,,,1,ct-sots,2026-09-09T18:45:05+00:00
2024,CT,0901148900,Montville town,09011,2024-11-05,0,4115,,479,3636,,,,,1,ct-sots,2026-09-09T18:45:05+00:00
2024,CT,0901152350,New London town,09011,2024-11-05,0,3737,,427,3310,,,,,1,ct-sots,2026-09-09T18:45:05+00:00
2024,CT,0901155500,North Stonington town,09011,2024-11-05,0,1534,,171,1363,,,,,1,ct-sots,2026-09-09T18:45:05+00:00
2024,CT,0901156270,Norwich town,09011,2024-11-05,0,6136,,777,5359,,,,,1,ct-sots,2026-09-09T18:45:05+00:00
2024,CT,0901157040,Old Lyme town,09011,2024-11-05,0,3354,,485,2869,,,,,1,ct-sots,2026-09-09T18:45:05+00:00
2024,CT,0901162150,Preston town,09011,2024-11-05,0,1375,,115,1260,,,,,1,ct-sots,2026-09-09T18:45:05+00:00
2024,CT,0901166210,Salem town,09011,2024-11-05,0,1400,,136,1264,,,,,1,ct-sots,2026-09-09T18:45:05+00:00
2024,CT,0901171670,Sprague town,09011,2024-11-05,0,500,,61,439,,,,,1,ct-sots,2026-09-09T18:45:05+00:00
2024,CT,0901173770,Stonington town,09011,2024-11-05,0,6365,,1020,5345,,,,,1,ct-sots,2026-09-09T18:45:05+00:00
2024,CT,0901178600,Voluntown town,09011,2024-11-05,0,694,,62,632,,,,,1,ct-sots,2026-09-09T18:45:05+00:00
2024,CT,0901180280,Waterford town,09011,2024-11-05,0,5973,,957,5016,,,,,1,ct-sots,2026-09-09T18:45:05+00:00
2024,CT,0901301080,Andover town,09013,2024-11-05,0,929,,62,867,,,,,1,ct-sots,2026-09-09T18:45:05+00:00
2024,CT,0901306260,Bolton town,09013,2024-11-05,0,1622,,148,1474,,,,,1,ct-sots,2026-09-09T18:45:05+00:00
2024,CT,0901316400,Columbia town,09013,2024-11-05,0,1979,,161,1818,,,,,1,ct-sots,2026-09-09T18:45:05+00:00
2024,CT,0901317800,Coventry town,09013,2024-11-05,0,3719,,287,3432,,,,,1,ct-sots,2026-09-09T18:45:05+00:00
2024,CT,0901325360,Ellington town,09013,2024-11-05,0,5299,,485,4814,,,,,1,ct-sots,2026-09-09T18:45:05+00:00
2024,CT,0901337910,Hebron town,09013,2024-11-05,0,3145,,375,2770,,,,,1,ct-sots,2026-09-09T18:45:05+00:00
2024,CT,0901344910,Mansfield town,09013,2024-11-05,0,3778,,354,3424,,,,,1,ct-sots,2026-09-09T18:45:05+00:00
2024,CT,0901369220,Somers town,09013,2024-11-05,0,3595,,312,3283,,,,,1,ct-sots,2026-09-09T18:45:05+00:00
2024,CT,0901372090,Stafford town,09013,2024-11-05,0,2883,,269,2614,,,,,1,ct-sots,2026-09-09T18:45:05+00:00
2024,CT,0901376290,Tolland town,09013,2024-11-05,0,5694,,527,5167,,,,,1,ct-sots,2026-09-09T18:45:05+00:00
2024,CT,0901377830,Union town,09013,2024-11-05,0,256,,24,232,,,,,1,ct-sots,2026-09-09T18:45:05+00:00
2024,CT,0901378250,Vernon town,09013,2024-11-05,0,7218,,761,6457,,,,,1,ct-sots,2026-09-09T18:45:05+00:00
2024,CT,0901385950,Willington town,09013,2024-11-05,0,1573,,117,1456,,,,,1,ct-sots,2026-09-09T18:45:05+00:00
2024,CT,0901501430,Ashford town,09015,2024-11-05,0,1168,,101,1067,,,,,1,ct-sots,2026-09-09T18:45:05+00:00
2024,CT,0901509190,Brooklyn town,09015,2024-11-05,0,2097,,262,1835,,,,,1,ct-sots,2026-09-09T18:45:05+00:00
2024,CT,0901512130,Canterbury town,09015,2024-11-05,0,1484,,82,1402,,,,,1,ct-sots,2026-09-09T18:45:05+00:00
2024,CT,0901513810,Chaplin town,09015,2024-11-05,0,451,,35,416,,,,,1,ct-sots,2026-09-09T18:45:05+00:00
2024,CT,0901521860,Eastford town,09015,2024-11-05,0,472,,32,440,,,,,1,ct-sots,2026-09-09T18:45:05+00:00
2024,CT,0901536000,Hampton town,09015,2024-11-05,0,454,,46,408,,,,,1,ct-sots,2026-09-09T18:45:05+00:00
2024,CT,0901540500,Killingly town,09015,2024-11-05,0,3373,,396,2977,,,,,1,ct-sots,2026-09-09T18:45:05+00:00
2024,CT,0901559980,Plainfield town,09015,2024-11-05,0,2713,,259,2454,,,,,1,ct-sots,2026-09-09T18:45:05+00:00
2024,CT,0901561030,Pomfret town,09015,2024-11-05,0,1143,,128,1015,,,,,1,ct-sots,2026-09-09T18:45:05+00:00
2024,CT,0901562710,Putnam town,09015,2024-11-05,0,2218,,152,2066,,,,,1,ct-sots,2026-09-09T18:45:05+00:00
2024,CT,0901567400,Scotland town,09015,2024-11-05,0,315,,26,289,,,,,1,ct-sots,2026-09-09T18:45:05+00:00
2024,CT,0901573420,Sterling town,09015,2024-11-05,0,854,,41,813,,,,,1,ct-sots,2026-09-09T18:45:05+00:00
2024,CT,0901575870,Thompson town,09015,2024-11-05,0,2101,,196,1905,,,,,1,ct-sots,2026-09-09T18:45:05+00:00
2024,CT,0901586790,Windham town,09015,2024-11-05,0,3215,,420,2795,,,,,1,ct-sots,2026-09-09T18:45:05+00:00
2024,CT,0901588190,Woodstock town,09015,2024-11-05,0,3135,,211,2924,,,,,1,ct-sots,2026-09-09T18:45:05+00:00
